Address,Area,Price,Bedroom,Toilet,Floor,Furniture,Direction,Legal,Posting date,Expiry date,Ad type,Ad code
"Dự án Lumiere Riverside, Đường Xa Lộ Hà Nội, Phường An Phú, Quận 2, Hồ Chí Minh",77 m²,"6,1 tỷ",2 phòng,2 phòng,,,,,27/11/2023,07/12/2023,Tin VIP Kim Cương,38645401
"Dự án Lumiere Riverside, Đường Xa Lộ Hà Nội, Phường An Phú, Quận 2, Hồ Chí Minh",76 m²,"6,2 tỷ",2 phòng,2 phòng,,Đầy đủ,,Hợp đồng mua bán,23/11/2023,30/11/2023,Tin thường,38393009
"Dự án Lumiere Riverside, Đường Xa Lộ Hà Nội, Phường An Phú, Quận 2, Hồ Chí Minh",72 m²,Thỏa thuận,2 phòng,2 phòng,,,,,28/11/2023,05/12/2023,Tin VIP Kim Cương,38657478
"Lumiere Riverside, 628, Đường Xa Lộ Hà Nội, Phường An Phú, Quận 2, Hồ Chí Minh","77,1 m²","6,6 tỷ",2 phòng,2 phòng,,Cơ bản,,Hợp đồng mua bán,29/11/2023,06/12/2023,Tin VIP Kim Cương,38403632
"Dự án The Privia, Đường An Dương Vương, Phường An Lạc, Bình Tân, Hồ Chí Minh","67,74 m²","3,5 tỷ",2 phòng,2 phòng,,"Bàn giao cơ bản các thiết bị Châu Âu cao cấp, full toilet, tủ bếp, bồn rửa, mặt đá",,HĐMB,29/11/2023,06/12/2023,Tin VIP Kim Cương,38654457
"Đường Lê Văn Thọ, Phường 11, Gò Vấp, Hồ Chí Minh",100 m²,"6,95 tỷ",,,,,,Sổ đỏ/ Sổ hồng.,28/11/2023,05/12/2023,Tin VIP Kim Cương,38659464
"Akari City Nam Long, 77, Đường Võ Văn Kiệt, Phường An Lạc, Bình Tân, Hồ Chí Minh",62 m²,"2,8 tỷ",2 phòng,1 phòng,,Cơ bản,,Hợp đồng mua bán,22/11/2023,29/11/2023,Tin thường,38615969
"Dự án Sunrise City, Đường Nguyễn Hữu Thọ, Phường Tân Hưng, Quận 7, Hồ Chí Minh",120 m²,5 tỷ,,,,,,,28/11/2023,08/12/2023,Tin VIP Kim Cương,38532480
"Dự án Masteri Thảo Điền, Đường Xa Lộ Hà Nội, Phường Thảo Điền, Quận 2, Hồ Chí Minh",65 m²,"4,3 tỷ",2 phòng,2 phòng,,Đầy đủ,,Sổ đỏ/ Sổ hồng,28/11/2023,05/12/2023,Tin VIP Kim Cương,38654187
"Dự án Masteri Thảo Điền, Đường Xa Lộ Hà Nội, Phường Thảo Điền, Quận 2, Hồ Chí Minh",69 m²,"3,89 tỷ",2 phòng,2 phòng,,Đầy đủ,,Sổ đỏ/ Sổ hồng,28/11/2023,13/12/2023,Tin VIP Kim Cương,28357658
"Dự án Westgate, Đường Tân Túc, Thị trấn Tân Túc, Bình Chánh, Hồ Chí Minh",85 m²,"3,4 tỷ",3 phòng,2 phòng,,Đầy đủ,,Sổ đỏ/ Sổ hồng,23/11/2023,08/12/2023,Tin VIP Kim Cương,38613084
"CityLand Park Hills, 18, Đường Phan Văn Trị, Phường 10, Gò Vấp, Hồ Chí Minh",100 m²,Thỏa thuận,,,,,,,27/11/2023,12/12/2023,Tin VIP Kim Cương,37938842
"CityLand Park Hills, 18, Đường Phan Văn Trị, Phường 10, Gò Vấp, Hồ Chí Minh",100 m²,Thỏa thuận,,,,,,,27/11/2023,12/12/2023,Tin VIP Kim Cương,37938658
"Dự án Q7 Saigon Riverside, Đường Đào Trí, Phường Phú Thuận, Quận 7, Hồ Chí Minh",69 m²,"2,4 tỷ",2 phòng,2 phòng,,"Full bộ bếp Malloca, sàn gỗ, tủ bếp trên, tủ bếp dưới, thiết bị vệ sinh 6 món, gạch ceramic, đá marble, hệ thống đèn chiếu sáng... Nhập khẩu cao cấp, xuất xứ rõ ràng.",Nam,Hợp đồng mua bán,26/11/2023,03/12/2023,Tin VIP Kim Cương,35177202
"Dự án The Privia, Đường An Dương Vương, Phường An Lạc, Bình Tân, Hồ Chí Minh",51 m²,48 triệu/m²,2 phòng,1 phòng,,Cơ bản,,Hợp đồng mua bán,24/11/2023,04/12/2023,Tin VIP Kim Cương,38634320
"Đường Vườn Thơm, Xã Bình Lợi, Bình Chánh, Hồ Chí Minh",1.161 m²,"5,5 tỷ",,,,,,Đã có sổ hồng đất vườn,26/11/2023,03/12/2023,Tin VIP Kim Cương,38641283
"Dự án The Privia, Đường An Dương Vương, Phường An Lạc, Bình Tân, Hồ Chí Minh",66 m²,"3,1 tỷ",2 phòng,2 phòng,,Cơ bản,,Hợp đồng mua bán,23/11/2023,03/12/2023,Tin VIP Kim Cương,38461531
"Dự án Vinhomes Grand Park, Đường Nguyễn Xiển, Phường Long Thạnh Mỹ, Quận 9, Hồ Chí Minh",70 m²,Thỏa thuận,2 phòng,2 phòng,,,,Sổ đỏ/ Sổ hồng,25/11/2023,02/12/2023,Tin VIP Kim Cương,38637741
"The Privia, Số 158, Đường An Dương Vương, Phường An Lạc, Bình Tân, Hồ Chí Minh",67 m²,"3,19 tỷ",2 phòng,2 phòng,,Đầy đủ,,Hợp đồng mua bán,23/11/2023,30/11/2023,Tin thường,38619474
"Dự án Akari City Nam Long, Đường Võ Văn Kiệt, Phường An Lạc, Bình Tân, Hồ Chí Minh",61 m²,"2,8 tỷ",2 phòng,1 phòng,,Cơ bản,Tây - Bắc,Hợp đồng mua bán,25/11/2023,05/12/2023,Tin VIP Kim Cương,38216565
"Dự án Vinhomes Grand Park, Đường Nguyễn Xiển, Phường Long Thạnh Mỹ, Quận 9, Hồ Chí Minh",47 m²,"1,6 tỷ",1 phòng,,,,,,25/11/2023,02/12/2023,Tin VIP Kim Cương,31273174
"Đường Hương lộ 2, Phường Bình Trị Đông A, Bình Tân, Hồ Chí Minh",56 m²,"5,35 tỷ",4 phòng,6 phòng,4 tầng,Cơ bản,Đông,Sổ đỏ/ Sổ hồng,25/11/2023,05/12/2023,Tin VIP Kim Cương,38635854
"Dự án Westgate, Đường Tân Túc, Thị trấn Tân Túc, Bình Chánh, Hồ Chí Minh",113 m²,"4,2 tỷ",3 phòng,2 phòng,,Đầy đủ,,,20/11/2023,30/11/2023,Tin thường,38469613
"Dự án Đào Sư Tích Residence, Đường Đào Sư Tích, Xã Phước Kiển, Nhà Bè, Hồ Chí Minh",95 m²,50 triệu/m²,,,,,,,24/11/2023,01/12/2023,Tin thường,38630294
"Dự án Celadon City, Đường N1, Phường Sơn Kỳ, Tân Phú, Hồ Chí Minh",92 m²,"4,3 tỷ",2 phòng,2 phòng,,Cơ bản,Tây - Bắc,Hợp đồng mua bán,24/11/2023,04/12/2023,Tin VIP Kim Cương,38630089
"Dự án Vinhomes Central Park, Đường Điện Biên Phủ, Phường 22, Bình Thạnh, Hồ Chí Minh",85 m²,"4,5 tỷ",2 phòng,2 phòng,,Đầy đủ,,Sổ đỏ/ Sổ hồng,23/11/2023,08/12/2023,Tin VIP Kim Cương,29007919
"Dự án Zenity, Đường Võ Văn Kiệt, Phường Cầu Kho, Quận 1, Hồ Chí Minh",108 m²,70 triệu/m²,3 phòng,2 phòng,,Đầy đủ.,Đông - Nam,Sổ đỏ/ Sổ hồng,01/12/2023,11/12/2023,Tin VIP Kim Cương,38481731
"Dự án Zenity, Đường Võ Văn Kiệt, Phường Cầu Kho, Quận 1, Hồ Chí Minh",95 m²,"8,5 tỷ",2 phòng,2 phòng,,Nội thất full cao cấp,,Sổ hồng,23/11/2023,30/11/2023,Tin thường,38625915
"Dự án Vinhomes Central Park, Đường Điện Biên Phủ, Phường 22, Bình Thạnh, Hồ Chí Minh",72 m²,"5,2 tỷ",2 phòng,2 phòng,,Đầy đủ,,Sổ đỏ/ Sổ hồng,23/11/2023,30/11/2023,Tin thường,38502061
"Dự án Masteri Thảo Điền, Đường Xa Lộ Hà Nội, Phường Thảo Điền, Quận 2, Hồ Chí Minh",70 m²,"4,3 tỷ",2 phòng,2 phòng,,Đầy đủ,Đông - Nam,Sổ đỏ/ Sổ hồng,23/11/2023,30/11/2023,Tin thường,38623445
"Dự án Akari City Nam Long, Đường Võ Văn Kiệt, Phường An Lạc, Bình Tân, Hồ Chí Minh",60 m²,3 tỷ,2 phòng,1 phòng,,Cơ bản,Nam,Sổ đỏ/ Sổ hồng,29/11/2023,06/12/2023,Tin VIP Kim Cương,38431954
"Dự án Imperia An Phú, Phường An Phú, Quận 2, Hồ Chí Minh",136 m²,"6,4 tỷ",3 phòng,2 phòng,,Đầy đủ,Tây,Sổ đỏ/ Sổ hồng,23/11/2023,03/12/2023,Tin VIP Kim Cương,38148075
"Dự án Sunshine Diamond River, Đường Đào Trí, Phường Phú Thuận, Quận 7, Hồ Chí Minh",116 m²,Thỏa thuận,2 phòng,2 phòng,,Cơ bản,Đông - Nam,Hợp đồng mua bán,23/11/2023,03/12/2023,Tin VIP Kim Cương,38621181
"Dự án Masteri Thảo Điền, Đường Xa Lộ Hà Nội, Phường Thảo Điền, Quận 2, Hồ Chí Minh",65 m²,"4,15 tỷ",2 phòng,2 phòng,,Nhà trống hay đầy đủ nội thất đều có,,Đã có sổ hồng,23/11/2023,30/11/2023,Tin thường,30328124
"Đường Hồ Huấn Nghiệp, Phường Bến Nghé, Quận 1, Hồ Chí Minh.",20 m²,22 tỷ,,,,,,,23/11/2023,08/12/2023,Tin VIP Kim Cương,38619031
"Dự án Masteri Thảo Điền, Đường Xa Lộ Hà Nội, Phường Thảo Điền, Quận 2, Hồ Chí Minh",75 m²,Thỏa thuận,2 phòng,2 phòng,,Mới 100% chưa sử dụng,Tây - Bắc,Sổ hồng vĩnh viễn,22/11/2023,29/11/2023,Tin thường,38617809
"Dự án Zenity, Đường Võ Văn Kiệt, Phường Cầu Kho, Quận 1, Hồ Chí Minh","94,5 m²",8 tỷ,2 phòng,2 phòng,,Đầy đủ,Tây - Nam,Sổ đỏ/ Sổ hồng,22/11/2023,29/11/2023,Tin thường,38616807
"Zenity, số 608, Đường Võ Văn Kiệt, Phường Cầu Kho, Quận 1, Hồ Chí Minh","94,5 m²",8 tỷ,,,,,,,22/11/2023,29/11/2023,Tin thường,38616712
"Dự án Vinhomes Central Park, Đường Điện Biên Phủ, Phường 22, Bình Thạnh, Hồ Chí Minh",80 m²,"5,5 tỷ",2 phòng,2 phòng,,Đầy đủ,,Sổ đỏ/ Sổ hồng,22/11/2023,29/11/2023,Tin thường,35597677
"Dự án Mizuki Park, Đường Nguyễn Văn Linh, Xã Bình Hưng, Bình Chánh, Hồ Chí Minh",82 m²,"3,4 tỷ",2 phòng,2 phòng,,Cơ bản,Nam,Sổ đỏ/ Sổ hồng,29/11/2023,06/12/2023,Tin VIP Kim Cương,38431821
"Celadon City, 68, Đường N1, Phường Sơn Kỳ, Tân Phú, Hồ Chí Minh","85,4 m²","4,35 tỷ",2 phòng,2 phòng,,Đầy đủ,Tây - Bắc,Sổ đỏ/ Sổ hồng,22/11/2023,07/12/2023,Tin VIP Kim Cương,38488505
"Dự án Q7 Saigon Riverside, Đường Đào Trí, Phường Phú Thuận, Quận 7, Hồ Chí Minh",86 m²,"3,4 tỷ",3 phòng,2 phòng,,,,,22/11/2023,02/12/2023,Tin VIP Kim Cương,31647719
"Dự án Lumiere Riverside, Đường Xa Lộ Hà Nội, Phường An Phú, Quận 2, Hồ Chí Minh",70 m²,"6,5 tỷ",2 phòng,2 phòng,,Hoàn thiện cơ bản.,,Sổ đỏ/ Sổ hồng,20/11/2023,05/12/2023,Tin VIP Kim Cương,38597022
"Dự án Sunrise City, Đường Nguyễn Hữu Thọ, Phường Tân Hưng, Quận 7, Hồ Chí Minh",76 m²,"3,8 tỷ",2 phòng,2 phòng,,Đầy đủ nội thất mới và hiện đại từ Châu âu. Nhà đầy đủ nội thất.,Đông,Sổ hồng và đầy đủ giấy tờ khác.,17/11/2023,02/12/2023,Tin VIP Kim Cương,37435457
"Dự án Eco Green Sài Gòn, Đường Nguyễn Văn Linh, Phường Tân Thuận Tây, Quận 7, Hồ Chí Minh",66 m²,"3,34 tỷ",2 phòng,2 phòng,,Cơ bản,,Sổ đỏ/ Sổ hồng,17/11/2023,02/12/2023,Tin VIP Kim Cương,37347305
"Dự án CityLand Park Hills, Đường Số 3, Phường 10, Gò Vấp, Hồ Chí Minh",142 m²,Thỏa thuận,,,,,,,17/11/2023,02/12/2023,Tin VIP Kim Cương,38569415
"Dự án CityLand Park Hills, Đường Phan Văn Trị, Phường 10, Gò Vấp, Hồ Chí Minh",100 m²,"23,5 tỷ",,,,,,Sổ đỏ/ Sổ hồng.,17/11/2023,02/12/2023,Tin VIP Kim Cương,38569132
"Dự án Zenity, Đường Võ Văn Kiệt, Phường Cầu Kho, Quận 1, Hồ Chí Minh",108 m²,"8,2 tỷ",3 phòng,2 phòng,,Đầy đủ,,Sổ đỏ/ Sổ hồng,16/11/2023,01/12/2023,Tin thường,38574204
"Dự án Tân Phước Plaza, Đường Lý Nam Đế, Phường 7, Quận 11, Hồ Chí Minh",45 m²,"1,8 tỷ",1 phòng,1 phòng,,Đầy đủ.,Tây - Nam,Hợp đồng mua bán,29/11/2023,06/12/2023,Tin VIP Vàng,36913259
"Dự án Diamond Island, Phường Bình Trưng Tây, Quận 2, Hồ Chí Minh",89 m²,"6,8 tỷ",2 phòng,3 phòng,,Full nội thất.,Tây - Bắc,Hợp đồng mua bán,29/11/2023,06/12/2023,Tin VIP Vàng,36987917
"Dự án Zenity, Đường Võ Văn Kiệt, Phường Cầu Kho, Quận 1, Hồ Chí Minh",94 m²,"8,2 tỷ",2 phòng,2 phòng,,Đầy đủ,,Sổ đỏ/ Sổ hồng,29/11/2023,06/12/2023,Tin VIP Vàng,38663836
"Dự án Vinhomes Grand Park, Phường Long Thạnh Mỹ, Quận 9, Hồ Chí Minh",90 m²,"2,7 tỷ",3 phòng,,,,,,29/11/2023,06/12/2023,Tin VIP Vàng,38663744
"Dự án Vinhomes Grand Park, Phường Long Thạnh Mỹ, Quận 9, Hồ Chí Minh",288 m²,"22,8 tỷ",4 phòng,4 phòng,5 tầng,Cơ bản,Đông - Nam,Hợp đồng mua bán,29/11/2023,06/12/2023,Tin VIP Vàng,38663664
"Dự án Celadon City, Đường N1, Phường Sơn Kỳ, Tân Phú, Hồ Chí Minh",71 m²,"2,85 tỷ",2 phòng,2 phòng,,,,,29/11/2023,06/12/2023,Tin VIP Vàng,38452270
"Dự án Masteri Centre Point, Đường Nguyễn Xiển, Phường Long Thạnh Mỹ, Quận 9, Hồ Chí Minh",74 m²,"3,7 tỷ",2 phòng,2 phòng,,Cơ bản,Đông - Nam,Hợp đồng mua bán,29/11/2023,06/12/2023,Tin VIP Vàng,38596963
"Đường Đặng Thùy Trâm, Phường 13, Bình Thạnh, Hồ Chí Minh",200 m²,"17,2 tỷ",,,,,,Sổ đỏ/ Sổ hồng,29/11/2023,06/12/2023,Tin VIP Vàng,38662965
"Dự án Celadon City, Đường N1, Phường Sơn Kỳ, Tân Phú, Hồ Chí Minh",71 m²,"3,2 tỷ",2 phòng,2 phòng,,Nội thất: Full nội thất dính tường.,,,29/11/2023,06/12/2023,Tin VIP Vàng,35456467
"Đường Nguyễn Cửu Vân, Phường 17, Bình Thạnh, Hồ Chí Minh",75 m²,"16,5 tỷ",2 phòng,2 phòng,1 tầng,Đầy đủ,,Sổ đỏ/ Sổ hồng.,29/11/2023,06/12/2023,Tin VIP Vàng,37634511
"Đường Đặng Thùy Trâm, Phường 13, Bình Thạnh, Hồ Chí Minh",250 m²,28 tỷ,6 phòng,6 phòng,4 tầng,Đầy đủ,,Sổ đỏ/ Sổ hồng,29/11/2023,06/12/2023,Tin VIP Vàng,38611641
"Phường Tân Hưng, Quận 7, Hồ Chí Minh",65 m²,"3,8 tỷ",,,,,,,29/11/2023,09/12/2023,Tin VIP Vàng,38498875
"Dự án Sunrise City, Đường Nguyễn Hữu Thọ, Phường Tân Hưng, Quận 7, Hồ Chí Minh",76 m²,"3,8 tỷ",2 phòng,2 phòng,,Đầy đủ.,Tây,,29/11/2023,09/12/2023,Tin VIP Vàng,38661904
"Dự án De La Sol, Đường Tôn Thất Thuyết, Phường 1, Quận 4, Hồ Chí Minh",71 m²,"5,1 tỷ",2 phòng,2 phòng,,,,,29/11/2023,06/12/2023,Tin VIP Vàng,38661896
"1256, Đường Trường Sa, Phường 13, Phú Nhuận, Hồ Chí Minh",30 m²,Thỏa thuận,,,4 tầng,,,Sổ đỏ chính chủ,29/11/2023,09/12/2023,Tin VIP Vàng,35393261
"Dự án One Verandah Mapletree, Đường Bát Nàn, Phường  Thạnh Mỹ Lợi, Quận 2, Hồ Chí Minh",80 m²,"5,1 tỷ",2 phòng,2 phòng,,Cơ bản,Đông - Nam,Hợp đồng mua bán,29/11/2023,06/12/2023,Tin VIP Vàng,38288048
"Dự án Feliz En Vista, Đường Đồng Văn Cống, Phường  Thạnh Mỹ Lợi, Quận 2, Hồ Chí Minh",85 m²,"5,6 tỷ",2 phòng,2 phòng,,Đầy đủ,Tây - Nam,Sổ đỏ/ Sổ hồng,29/11/2023,06/12/2023,Tin VIP Vàng,37684284
"Dự án Diamond Island, Đường 104A, Phường Bình Trưng Tây, Quận 2, Hồ Chí Minh",89 m²,"6,8 tỷ",2 phòng,2 phòng,,Đầy đủ nội thất đẹp.,,Hợp đồng mua bán,29/11/2023,06/12/2023,Tin VIP Vàng,37760268
"Dự án Saigon Pearl, Đường Nguyễn Hữu Cảnh, Phường 22, Bình Thạnh, Hồ Chí Minh",90 m²,"5,1 tỷ",2 phòng,2 phòng,,Nội thất cơ bản.,Đông - Bắc,Sổ hồng,29/11/2023,09/12/2023,Tin VIP Vàng,38177817
"Dự án KDC Đất Nam An Lạc, Đường Hồ Học Lãm, Phường An Lạc, Bình Tân, Hồ Chí Minh","54,1 m²",66 triệu/m²,,,,,Nam,Sổ đỏ/ Sổ hồng.,29/11/2023,06/12/2023,Tin VIP Vàng,37561195
"Dự án Vinhomes Golden River Ba Son, Phố Tôn Đức Thắng, Phường Bến Nghé, Quận 1, Hồ Chí Minh",128 m²,18 tỷ,3 phòng,3 phòng,,Đã hoàn thiện đẹp sang trọng.,Đông - Nam,Sổ đỏ chính chủ vĩnh viễn.,29/11/2023,06/12/2023,Tin VIP Vàng,38552061
"Dự án Lumiere Riverside, Đường Xa Lộ Hà Nội, Phường An Phú, Quận 2, Hồ Chí Minh",76 m²,"6,1 tỷ",2 phòng,2 phòng,,"Nội thất cao cấp, hiện đại.",,,29/11/2023,06/12/2023,Tin VIP Vàng,38452637
"Dự án Q7 Saigon Riverside, Đường Đào Trí, Phường Phú Thuận, Quận 7, Hồ Chí Minh",86 m²,"3,1 tỷ",3 phòng,2 phòng,,,,,27/11/2023,04/12/2023,Tin VIP Vàng,36909607
"Dự án Q7 Saigon Riverside, Đường Đào Trí, Phường Phú Thuận, Quận 7, Hồ Chí Minh",68 m²,"2,3 tỷ",2 phòng,2 phòng,,Đầy đủ,,,26/11/2023,03/12/2023,Tin VIP Vàng,35430054
"Dự án Q7 Saigon Riverside, Đường Đào Trí, Phường Phú Thuận, Quận 7, Hồ Chí Minh",69 m²,"2,4 tỷ",2 phòng,1 phòng,,,,,26/11/2023,03/12/2023,Tin VIP Vàng,36023241
"Dự án Q7 Saigon Riverside, Đường Đào Trí, Phường Phú Thuận, Quận 7, Hồ Chí Minh","66,66 m²",Thỏa thuận,2 phòng,2 phòng,,,,,26/11/2023,03/12/2023,Tin VIP Vàng,35882853
"Dự án Q7 Saigon Riverside, Đường Đào Trí, Phường Phú Thuận, Quận 7, Hồ Chí Minh",68 m²,"2,3 tỷ",2 phòng,2 phòng,,,,,23/11/2023,30/11/2023,Tin thường,35691346
"Dự án HaDo Centrosa Garden, Đường 3/2, Phường 12, Quận 10, Hồ Chí Minh",50 m²,"4,5 tỷ",1 phòng,1 phòng,,,,,28/11/2023,05/12/2023,Tin VIP Vàng,36969095
"Dự án Thăng Long Home Hưng Phú, Đường Tô Ngọc Vân, Phường Tam Phú, Thủ Đức, Hồ Chí Minh",184 m²,"17,5 tỷ",4 phòng,5 phòng,3 tầng,Đầy đủ,Tây - Bắc,Sổ đỏ/ Sổ hồng,28/11/2023,13/12/2023,Tin VIP Vàng,37140544
"Dự án Sunrise City, Đường Nguyễn Hữu Thọ, Phường Tân Hưng, Quận 7, Hồ Chí Minh",130 m²,5 tỷ,2 phòng,2 phòng,,,,,28/11/2023,05/12/2023,Tin VIP Vàng,34390213
"Số 143, Đường Phan Anh, Phường Bình Trị Đông, Bình Tân, Hồ Chí Minh",354 m²,"15,45 tỷ",,,,,,Sổ đỏ/ Sổ hồng,28/11/2023,08/12/2023,Tin VIP Vàng,38657850
"Dự án The Infiniti Riviera Point, Đường Huỳnh Tấn Phát, Phường Tân Phú, Quận 7, Hồ Chí Minh",134 m²,60 triệu/m²,3 phòng,2 phòng,,Nội thất cao cấp nhất thế giới,Đông,,28/11/2023,05/12/2023,Tin VIP Vàng,36966711
"Dự án Estella Heights, Đường Xa Lộ Hà Nội, Phường An Phú, Quận 2, Hồ Chí Minh.",125 m²,"11,5 tỷ",3 phòng,2 phòng,,Nội thất cao cấp.,Tây,Sổ đỏ/ Sổ hồng,28/11/2023,05/12/2023,Tin VIP Vàng,37085995
"Dự án Diamond Island, Đường 1, Phường Bình Trưng Tây, Quận 2, Hồ Chí Minh",123 m²,"9,8 tỷ",3 phòng,2 phòng,,Nội thất toàn bộ sang trọng.,Đông - Bắc,,28/11/2023,05/12/2023,Tin VIP Vàng,36966546
"Dự án Empire City Thủ Thiêm, Đường Mai Chí Thọ, Phường Thủ Thiêm, Quận 2, Hồ Chí Minh",100 m²,"11,5 tỷ",2 phòng,2 phòng,,Bàn giao tiêu chuẩn hạng sang,Đông,Hợp đồng mua bán,28/11/2023,05/12/2023,Tin VIP Vàng,36965822
"Dự án One Verandah Mapletree, Đường Bát Nàn, Phường  Thạnh Mỹ Lợi, Quận 2, Hồ Chí Minh",81 m²,"5,5 tỷ",2 phòng,2 phòng,,Nội thất đầy đủ.,Tây - Bắc,Đang chờ sổ,28/11/2023,05/12/2023,Tin VIP Vàng,35046487
"Dự án The Infiniti Riviera Point, Đường Huỳnh Tấn Phát, Phường Tân Phú, Quận 7, Hồ Chí Minh","121,57 m²","8,47 tỷ",3 phòng,2 phòng,,Cơ bản.,Đông - Bắc,,28/11/2023,05/12/2023,Tin VIP Vàng,37383415
"Dự án KĐT Vạn Phúc City, Đường Quốc Lộ 13, Phường Hiệp Bình Phước, Thủ Đức, Hồ Chí Minh",140 m²,33 tỷ,,,6 tầng,,Tây - Nam,Sổ đỏ/ Sổ hồng.,28/11/2023,13/12/2023,Tin VIP Vàng,38506207
"42/14B, Đường Hoàng Hoa Thám, Phường 7, Bình Thạnh, Hồ Chí Minh",160 m²,"22,5 tỷ",3 phòng,5 phòng,3 tầng,,Đông - Nam,,28/11/2023,13/12/2023,Tin VIP Vàng,38172339
"Dự án The Beverly - Vinhomes Grand Park, Phường Long Thạnh Mỹ, Quận 9, Hồ Chí Minh",101 m²,"5,56 tỷ",3 phòng,2 phòng,,Cơ bản,Tây - Nam,Hợp đồng mua bán,28/11/2023,05/12/2023,Tin VIP Vàng,38655736
"Q7 Saigon Riverside, 04, Đường Đào Trí, Phường Phú Thuận, Quận 7, Hồ Chí Minh",68 m²,"2,4 tỷ",2 phòng,2 phòng,,Cơ bản,Bắc,Hợp đồng mua bán,28/11/2023,08/12/2023,Tin VIP Vàng,38655293
"Dự án Vinhomes Golden River Ba Son, Phố Tôn Đức Thắng, Phường Bến Nghé, Quận 1, Hồ Chí Minh",90 m²,Thỏa thuận,,,,NTCB.,,,28/11/2023,13/12/2023,Tin VIP Vàng,33734356
"39 - 39D, Đường Sương Nguyệt Ánh, Phường Bến Thành, Quận 1, Hồ Chí Minh",227 m²,195 tỷ,,,,Cơ bản,,Sổ đỏ/ Sổ hồng,28/11/2023,05/12/2023,Tin VIP Vàng,38433728
"Đường Nguyễn Đình Chiểu, Phường Đa Kao, Quận 1, Hồ Chí Minh",600 m²,600 tỷ,,,14 tầng,,,Sổ đỏ/ Sổ hồng,28/11/2023,05/12/2023,Tin VIP Vàng,38654303
"33 Lương Minh Nguyệt, Tân Thới Hoà, Tân Phú, Thành phố Hồ Chí Minh",72 m²,"2,9 tỷ",2 phòng,2 phòng,,,,,28/11/2023,05/12/2023,Tin VIP Vàng,38654182
"Đường Nhuận Đức, Xã Nhuận Đức, Củ Chi, Hồ Chí Minh",4.250 m²,"6,3 triệu/m²",,,,,,Sổ hồng riêng,28/11/2023,13/12/2023,Tin VIP Vàng,38451882
"Dự án Akari City Nam Long, Đường Võ Văn Kiệt, Phường An Lạc, Bình Tân, Hồ Chí Minh",60 m²,Thỏa thuận,2 phòng,1 phòng,,Cơ bản,,Sổ đỏ/ Sổ hồng,28/11/2023,05/12/2023,Tin VIP Vàng,38653484
"Dự án HaDo Centrosa Garden, Đường 3/2, Phường 12, Quận 10, Hồ Chí Minh",86 m²,"6,6 tỷ",2 phòng,2 phòng,,,,,23/11/2023,08/12/2023,Tin VIP Vàng,35489279
"Dự án KDC Phú Mỹ, Đường Hoàng Quốc Việt, Phường Phú Mỹ, Quận 7, Hồ Chí Minh",126 m²,"20,7 tỷ",4 phòng,5 phòng,3 tầng,,,Có sổ,28/11/2023,08/12/2023,Tin VIP Vàng,38526845
"Dự án Celadon City, Đường N1, Phường Sơn Kỳ, Tân Phú, Hồ Chí Minh",50 m²,"1,7 tỷ",1 phòng,1 phòng,,Đầy đủ,,Hợp đồng mua bán,28/11/2023,05/12/2023,Tin VIP Vàng,38431885
"Dự án PiCity High Park, Đường Thạnh Xuân 13, Phường Thạnh Xuân, Quận 12, Hồ Chí Minh",57 m²,"2,15 tỷ",,,,,,,28/11/2023,05/12/2023,Tin VIP Vàng,38537282
"725/31 Đường Trường Chinh, Phường Tây Thạnh, Tân Phú, Hồ Chí Minh",71 m²,7 tỷ,2 phòng,3 phòng,2 tầng,Đầy đủ,Đông,Sổ đỏ/ Sổ hồng,28/11/2023,05/12/2023,Tin VIP Vàng,38650761
"Dự án Celadon City, Đường N1, Phường Sơn Kỳ, Tân Phú, Hồ Chí Minh",71 m²,"3,2 tỷ",2 phòng,2 phòng,,,,Hợp đồng mua bán,27/11/2023,04/12/2023,Tin VIP Vàng,38433452
"Dự án Richmond City, Phố Nguyễn Xí, Phường 26, Bình Thạnh, Hồ Chí Minh",73 m²,"3,7 tỷ",2 phòng,2 phòng,,"* Bàn giao hoàn thiện cơ bản. * Tặng tủ bếp trên, tủ bếp dưới. * Tặng full thiết bị vệ sinh cao cấp.",,,27/11/2023,04/12/2023,Tin VIP Vàng,29153138
"Dự án Vinhomes Golden River Ba Son, Phố Tôn Đức Thắng, Phường Bến Nghé, Quận 1, Hồ Chí Minh","126,6 m²",18 tỷ,3 phòng,2 phòng,,Cơ bản,,,27/11/2023,07/12/2023,Tin VIP Vàng,38228025
"Dự án HaDo Centrosa Garden, Đường 3/2, Phường 12, Quận 10, Hồ Chí Minh.",107 m²,"7,99 tỷ",2 phòng,2 phòng,,,,,27/11/2023,04/12/2023,Tin VIP Vàng,33010059
"3 - 5, Đường Sương Nguyệt Ánh, Phường Bến Thành, Quận 1, Hồ Chí Minh",914 m²,850 tỷ,,,,,,Sổ đỏ/ Sổ hồng,27/11/2023,04/12/2023,Tin VIP Vàng,38650772
"Dự án Feliz En Vista, Đường Phan Văn Đáng, Phường  Thạnh Mỹ Lợi, Quận 2, Hồ Chí Minh",85 m²,"5,5 tỷ",2 phòng,2 phòng,,Đầy đủ.,,Sổ đỏ/ Sổ hồng.,27/11/2023,07/12/2023,Tin VIP Vàng,36446868
"Dự án Vinhomes Golden River Ba Son, Phố Tôn Đức Thắng, Phường Bến Nghé, Quận 1, Hồ Chí Minh",80 m²,10 tỷ,2 phòng,2 phòng,,Đầy đủ,,Sổ đỏ/ Sổ hồng,27/11/2023,04/12/2023,Tin VIP Vàng,38650154
"Đường Bình Quới, Phường 28, Bình Thạnh, Hồ Chí Minh",1.280 m²,10 triệu/m²,,,,,,Sổ đỏ/ Sổ hồng,27/11/2023,04/12/2023,Tin VIP Vàng,38650327
"Đường Bình Quới, Phường 28, Bình Thạnh, Hồ Chí Minh",830 m²,14 triệu/m²,,,,,,,27/11/2023,04/12/2023,Tin VIP Vàng,38650148
"Dự án Saigon Mystery Villas, Phường Bình Trưng Tây, Quận 2, Hồ Chí Minh",140 m²,"30,5 tỷ",5 phòng,4 phòng,4 tầng,,Đông - Bắc,Hợp đồng mua bán,27/11/2023,04/12/2023,Tin VIP Vàng,38511024
"Dự án Mizuki Park, Đường Nguyễn Văn Linh, Xã Bình Hưng, Bình Chánh, Hồ Chí Minh",56 m²,"2,2 tỷ",2 phòng,1 phòng,,,,Sổ đỏ/ Sổ hồng,27/11/2023,04/12/2023,Tin VIP Vàng,38649598
"Dự án The Pegasuite 2, Phố Tạ Quang Bửu, Phường 6, Quận 8, Hồ Chí Minh",52 m²,"1,94 tỷ",1 phòng,1 phòng,,Cơ bản,,Hợp đồng mua bán,27/11/2023,07/12/2023,Tin VIP Vàng,38146189
"Dự án The Estella, Đường Xa Lộ Hà Nội, Phường An Phú, Quận 2, Hồ Chí Minh","136,8 m²",14 tỷ,4 phòng,3 phòng,,,,,27/11/2023,12/12/2023,Tin VIP Vàng,38524381
"Đường Nguyễn Đình Chiểu, Phường 2, Quận 3, Hồ Chí Minh","220,8 m²",86 tỷ,2 phòng,2 phòng,2 tầng,Đầy đủ,,Sổ đỏ/ Sổ hồng,27/11/2023,04/12/2023,Tin VIP Vàng,38648660
"Dự án Res Green Tower, Đường Thoại Ngọc Hầu, Phường Hòa Thạnh, Tân Phú, Hồ Chí Minh",55 m²,"2,7 tỷ",2 phòng,2 phòng,,,,,27/11/2023,04/12/2023,Tin VIP Vàng,33786705
"Dự án Urban Green, Đường Số 6, Phường Hiệp Bình Phước, Thủ Đức, Hồ Chí Minh","82,3 m²","4,3 tỷ",2 phòng,,,,,,27/11/2023,12/12/2023,Tin VIP Vàng,38632583
"Dự án Westgate, Đường Tân Túc, Thị trấn Tân Túc, Bình Chánh, Hồ Chí Minh",59 m²,"1,95 tỷ",2 phòng,2 phòng,,Đầy đủ,,Sổ đỏ/ Sổ hồng,27/11/2023,04/12/2023,Tin VIP Vàng,38141056
"Đường Số 8, Phường Hiệp Bình Chánh, Thủ Đức, Hồ Chí Minh",57 m²,Thỏa thuận,4 phòng,4 phòng,4 tầng,Đầy đủ.,,Sổ đỏ/ Sổ hồng.,22/11/2023,02/12/2023,Tin VIP Vàng,38614248
"Dự án Saigon Pearl, Đường Nguyễn Hữu Cảnh, Phường 22, Bình Thạnh, Hồ Chí Minh",135 m²,7 tỷ,3 phòng,2 phòng,,Đầy đủ,,Sổ đỏ/ Sổ hồng,27/11/2023,04/12/2023,Tin VIP Vàng,38535616
"Dự án Zenity, Đường Võ Văn Kiệt, Phường Cầu Kho, Quận 1, Hồ Chí Minh",84 m²,"6,2 tỷ",2 phòng,2 phòng,,Đầy đủ,,Hợp đồng mua bán,23/11/2023,03/12/2023,Tin VIP Vàng,38514258
"Dự án Vinhomes Grand Park, Phường Long Thạnh Mỹ, Quận 9, Hồ Chí Minh",200 m²,22 tỷ,6 phòng,4 phòng,2 tầng,"Bàn giao hoàn thiện bên ngoài, thô bên trong.",Đông - Bắc,Vĩnh viễn.,27/11/2023,04/12/2023,Tin VIP Vàng,26279737
"Dự án Akari City Nam Long, Đường Võ Văn Kiệt, Phường An Lạc, Bình Tân, Hồ Chí Minh",56 m²,"2,3 tỷ",2 phòng,1 phòng,,"Tủ bếp trên dưới, bếp điện từ + hồng ngoại, bồn rửa, nhà vệ sinh thiết bị đầy đủ, đèn điện chiếu sáng, sàn gỗ full nhà, video call, cửa khóa từ,...",,,27/11/2023,04/12/2023,Tin VIP Vàng,38010233
"Dự án Empire City Thủ Thiêm, Đường Mai Chí Thọ, Phường Thủ Thiêm, Quận 2, Hồ Chí Minh",146 m²,18 tỷ,3 phòng,3 phòng,,,,,27/11/2023,04/12/2023,Tin VIP Vàng,36399123
"Đường Hiệp Thành 26, Phường Hiệp Thành, Quận 12, Hồ Chí Minh",48 m²,"2,55 tỷ",4 phòng,3 phòng,2 tầng,Đầy đủ,,Sổ đỏ/ Sổ hồng,27/11/2023,04/12/2023,Tin VIP Vàng,38645198
"Đường Tân Chánh Hiệp 10, Phường Tân Chánh Hiệp, Quận 12, Hồ Chí Minh",80 m²,Thỏa thuận,,,,,,Sổ hồng riêng,27/11/2023,04/12/2023,Tin VIP Vàng,38593866
"Đường Liên Ấp 3-4, Xã Hiệp Phước, Nhà Bè, Hồ Chí Minh",93 m²,Thỏa thuận,,,,,,Sổ hồng riêng,27/11/2023,04/12/2023,Tin VIP Vàng,38645078
"Đường 18, Phường Hiệp Bình Chánh, Thủ Đức, Hồ Chí Minh",80 m²,"6,5 tỷ",4 phòng,4 phòng,3 tầng,Cơ bản,,Sổ đỏ/ Sổ hồng,21/11/2023,06/12/2023,Tin VIP Vàng,36759168
"Đường Trịnh Quang Nghị, Xã Phong Phú, Bình Chánh, Hồ Chí Minh",90 m²,Thỏa thuận,,,,,,Sổ hồng riêng,27/11/2023,04/12/2023,Tin VIP Vàng,38644796
"Đường Trần Hải Phụng, Phường Tân Tạo, Bình Tân, Hồ Chí Minh",150 m²,Thỏa thuận,,,,,,Sổ đỏ/ Sổ hồng,27/11/2023,12/12/2023,Tin VIP Vàng,38644649
"Đường Đông Hưng Thuận 2, Phường Tân Hưng Thuận, Quận 12, Hồ Chí Minh",137 m²,"14,5 tỷ",6 phòng,6 phòng,3 tầng,Đầy đủ.,Đông - Nam,Sổ đỏ/ Sổ hồng.,26/11/2023,03/12/2023,Tin VIP Vàng,36398868
"Dự án Lexington Residence, Đường Mai Chí Thọ, Phường An Phú, Quận 2, Hồ Chí Minh","48,5 m²","2,1 tỷ",1 phòng,1 phòng,,,,,26/11/2023,03/12/2023,Tin VIP Vàng,25476711
"Akari City Nam Long, 77, Đường Võ Văn Kiệt, Phường An Lạc, Bình Tân, Hồ Chí Minh",75 m²,"2,83 tỷ",2 phòng,2 phòng,,Cơ bản.,Bắc,,26/11/2023,03/12/2023,Tin VIP Vàng,38513661
"Dự án D’Lusso, Đường Nguyễn Thị Định, Phường An Phú, Quận 2, Hồ Chí Minh",49 m²,"2,5 tỷ",1 phòng,1 phòng,,,,,26/11/2023,03/12/2023,Tin VIP Vàng,32345375
"Dự án Vista Verde, Đường Phan Văn Đáng, Phường  Thạnh Mỹ Lợi, Quận 2, Hồ Chí Minh","59,9 m²","4,2 tỷ",1 phòng,1 phòng,,Full nội thất,,,26/11/2023,11/12/2023,Tin VIP Vàng,38641780
"Dự án Vinhomes Grand Park, Phường Long Thạnh Mỹ, Quận 9, Hồ Chí Minh.",144 m²,Thỏa thuận,4 phòng,4 phòng,3 tầng,,,,30/11/2023,07/12/2023,Tin VIP Vàng,33142814
"Dự án Topaz Elite, Đường Cao Lỗ, Phường 4, Quận 8, Hồ Chí Minh",60 m²,"2,25 tỷ",2 phòng,2 phòng,,Nhà bàn giao nội thất từ CĐT.,Tây - Bắc,Đang chờ sổ,30/11/2023,07/12/2023,Tin VIP Vàng,38623062
"Dự án The Manhattan, Đường Nguyễn Xiển, Phường Long Thạnh Mỹ, Quận 9, Hồ Chí Minh",126 m²,"14,6 tỷ",,,,,,,24/11/2023,01/12/2023,Tin thường,38487634
"2009, Đường Lê Văn Lương, Xã Nhơn Đức, Nhà Bè, Hồ Chí Minh",120 m²,"3,8 tỷ",,,,,,Sổ đỏ/ Sổ hồng,26/11/2023,03/12/2023,Tin VIP Vàng,38641382
"Đường Lê Văn Lương, Xã Nhơn Đức, Nhà Bè, Hồ Chí Minh",21 m²,890 triệu,2 phòng,2 phòng,1 tầng,,Đông - Nam,Nhà đồng sở hữu,26/11/2023,03/12/2023,Tin VIP Vàng,38641296
"Dự án The Horizon Phú Mỹ Hưng, Đường Trần Văn Trà, Phường Tân Phú, Quận 7, Hồ Chí Minh",145 m²,Thỏa thuận,3 phòng,,,,,,26/11/2023,11/12/2023,Tin VIP Vàng,37274267
"Đường Song Hành, Xã Tân Hiệp, Hóc Môn, Hồ Chí Minh","115,9 m²","6,1 tỷ",,,,,,,26/11/2023,11/12/2023,Tin VIP Vàng,38640106
"Đường Nguyễn Thị Nhung, Phường Hiệp Bình Chánh, Thủ Đức, Hồ Chí Minh",65 m²,"6,5 tỷ",4 phòng,4 phòng,3 tầng,Đầy đủ,,Sổ đỏ/ Sổ hồng,01/12/2023,08/12/2023,Tin VIP Bạc,38620154
"Dự án Westgate, Đường Tân Túc, Thị trấn Tân Túc, Bình Chánh, Hồ Chí Minh.",59 m²,"2,25 tỷ",2 phòng,2 phòng,,Nội thấp cao cấp.,,Hợp đồng mua bán,25/11/2023,02/12/2023,Tin VIP Vàng,35828816
"Dự án The Western Capital,116 Đường Lý Chiêu Hoàng, Phường 10, Quận 6, Hồ Chí Minh",54 m²,"1,9 tỷ",2 phòng,1 phòng,,,Đông,Hợp đồng mua bán,25/11/2023,02/12/2023,Tin VIP Vàng,38086485
"Dự án Q7 Saigon Riverside, Đường Đào Trí, Phường Phú Thuận, Quận 7, Hồ Chí Minh",73 m²,"2,35 tỷ",2 phòng,2 phòng,,,Nam,Sổ đỏ/ Sổ hồng,01/12/2023,11/12/2023,Tin thường,38361653
"Dự án Topaz Elite, Đường Cao Lỗ, Phường 4, Quận 8, Hồ Chí Minh",78 m²,"2,45 tỷ",2 phòng,2 phòng,,Cơ bản,Tây - Bắc,Hợp đồng mua bán,25/11/2023,02/12/2023,Tin VIP Vàng,38638386
"Hẻm 153, Đường Nguyễn Thị Minh Khai, Phường Phạm Ngũ Lão, Quận 1, Hồ Chí Minh",72 m²,14 tỷ,2 phòng,2 phòng,2 tầng,Không nội thất,Đông - Bắc,Sổ đỏ/ Sổ hồng,25/11/2023,02/12/2023,Tin VIP Vàng,38638381
"Dự án Feliz En Vista, Đường Đồng Văn Cống, Phường  Thạnh Mỹ Lợi, Quận 2, Hồ Chí Minh",58 m²,"4,3 tỷ",1 phòng,1 phòng,,,,,25/11/2023,02/12/2023,Tin VIP Vàng,36250467
"Dự án Estella Heights, Đường Song Hành, Phường An Phú, Quận 2, Hồ Chí Minh","156,7 m²",16 tỷ,3 phòng,2 phòng,,Đầy đủ,Nam,Sổ đỏ/ Sổ hồng,25/11/2023,02/12/2023,Tin VIP Vàng,38637121
"Dự án Eco Green Sài Gòn, Đường Nguyễn Văn Linh, Phường Tân Thuận Tây, Quận 7, Hồ Chí Minh",66 m²,"3,35 tỷ",2 phòng,2 phòng,,Đầy đủ,,Sổ đỏ/ Sổ hồng,25/11/2023,02/12/2023,Tin VIP Vàng,38451921
"Dự án The Aurora Phú Mỹ Hưng, Đường Nguyễn Lương Bằng, Phường Tân Phú, Quận 7, Hồ Chí Minh",50 m²,"3,7 tỷ",1 phòng,1 phòng,,,,,25/11/2023,02/12/2023,Tin VIP Vàng,38637131
"Đường Số 4, Phường Trường Thọ, Thủ Đức, Hồ Chí Minh","51,7 m²","3,2 tỷ",2 phòng,1 phòng,,Cơ bản,,Sổ đỏ/ Sổ hồng,25/11/2023,10/12/2023,Tin VIP Vàng,38637059
"Dự án Vista Verde, Đường Phan Văn Đáng, Phường  Thạnh Mỹ Lợi, Quận 2, Hồ Chí Minh",46 m²,"3,5 tỷ",1 phòng,1 phòng,,Đầy đủ,,Sổ đỏ/ Sổ hồng,25/11/2023,10/12/2023,Tin VIP Vàng,38637004
"Dự án Q7 Saigon Riverside, Đường Đào Trí, Phường Phú Thuận, Quận 7, Hồ Chí Minh","67,84 m²","2,35 tỷ",2 phòng,2 phòng,,Nội thất cơ bản.,,,25/11/2023,02/12/2023,Tin VIP Vàng,38636847
"Dự án The PegaSuite 2, Phố Tạ Quang Bửu, Phường 16, Quận 8, Hồ Chí Minh",62 m²,Thỏa thuận,2 phòng,,,,,,25/11/2023,02/12/2023,Tin thường,36238938
"Dự án The Pegasuite, Phố Tạ Quang Bửu, Phường 6, Quận 8, Hồ Chí Minh",60 m²,"2,4 tỷ",2 phòng,1 phòng,,,,,25/11/2023,02/12/2023,Tin thường,36239983
"Dự án Sunrise City, Đường Nguyễn Hữu Thọ, Phường Tân Hưng, Quận 7, Hồ Chí Minh",106 m²,"4,3 tỷ",2 phòng,2 phòng,,Đầy đủ,,Sổ đỏ/ Sổ hồng,25/11/2023,02/12/2023,Tin thường,38636436
"Dự án The Manhattan, Đường Nguyễn Xiển, Phường Long Thạnh Mỹ, Quận 9, Hồ Chí Minh",84 m²,"11,6 tỷ",,,,,,,25/11/2023,02/12/2023,Tin thường,31388206
"Dự án KĐT Vạn Phúc City, Đường Quốc Lộ 13, Phường Hiệp Bình Phước, Thủ Đức, Hồ Chí Minh",105 m²,14 tỷ,4 phòng,5 phòng,6 tầng,Rất cao cấp.,Tây - Nam,Đã có sổ hồng.,15/11/2023,30/11/2023,Tin thường,24604589
"10/3b Đường Thới Tam Thôn 18, Xã Thới Tam Thôn, Hóc Môn, Hồ Chí Minh","187,2 m²","10,5 tỷ",4 phòng,2 phòng,2 tầng,Không nội thất,Đông - Nam,Sổ đỏ/ Sổ hồng,25/11/2023,02/12/2023,Tin thường,38231123
"Số 237, Đường Nguyễn Thái Bình, Phường 4, Tân Bình, Hồ Chí Minh",23 m²,"6,5 tỷ",,,,,,,25/11/2023,10/12/2023,Tin VIP Vàng,38257687
"Dự án Verosa Park, Đường Liên Phường, Phường Phú Hữu, Quận 9, Hồ Chí Minh",91 m²,11 tỷ,,,3 tầng,,,Sổ đỏ/ Sổ hồng,24/11/2023,01/12/2023,Tin thường,36883816
"Dự án HaDo Centrosa Garden, Đường 3/2, Phường 12, Quận 10, Hồ Chí Minh",138 m²,"12,5 tỷ",4 phòng,3 phòng,,Đầy đủ,Đông - Bắc,Hợp đồng mua bán,24/11/2023,09/12/2023,Tin VIP Vàng,38405138
"Dự án HaDo Centrosa Garden, Đường 3/2, Phường 12, Quận 10, Hồ Chí Minh",86 m²,"6,8 tỷ",2 phòng,2 phòng,,Đầy đủ,,Sổ đỏ/ Sổ hồng,24/11/2023,04/12/2023,Tin VIP Vàng,36756030
"Dự án Flora Novia, Đường Phạm Văn Đồng, Phường Linh Tây, Thủ Đức, Hồ Chí Minh",60 m²,"2,25 tỷ",2 phòng,1 phòng,,,,,02/12/2023,09/12/2023,Tin VIP Vàng,27843466
"Dự án KĐT Vạn Phúc City, Đường 5, Phường Hiệp Bình Phước, Thủ Đức, Hồ Chí Minh",105 m²,"16,5 tỷ",4 phòng,5 phòng,4 tầng,Đầy đủ,,Sổ đỏ/ Sổ hồng,24/11/2023,01/12/2023,Tin thường,38633207
"Dự án One Verandah Mapletree, Đường Bát Nàn, Phường  Thạnh Mỹ Lợi, Quận 2, Hồ Chí Minh",82 m²,5 tỷ,2 phòng,2 phòng,,Cơ bản,,Hợp đồng mua bán.,24/11/2023,01/12/2023,Tin thường,37818760
"Dự án Estella Heights, Đường Song Hành, Phường An Phú, Quận 2, Hồ Chí Minh",104 m²,"8,2 tỷ",2 phòng,2 phòng,,Đầy đủ,,Sổ đỏ/ Sổ hồng,16/11/2023,01/12/2023,Tin thường,38440923
"Dự án Celadon City, Đường N4, Phường Sơn Kỳ, Tân Phú, Hồ Chí Minh",71 m²,"3,2 tỷ",2 phòng,2 phòng,,Đầy đủ,,Hợp đồng mua bán,24/11/2023,01/12/2023,Tin thường,29847288
"Dự án The Privia, Đường An Dương Vương, Phường An Lạc, Bình Tân, Hồ Chí Minh",69 m²,Thỏa thuận,2 phòng,2 phòng,,Cơ bản,Tây - Bắc,Hợp đồng mua bán,24/11/2023,01/12/2023,Tin thường,38631080
"Dự án Căn hộ Ricca Quận 9, Đường Gò Cát, Phường Phú Hữu, Quận 9, Hồ Chí Minh",109 m²,"3,8 tỷ",3 phòng,3 phòng,,,,Sổ đỏ/ Sổ hồng,24/11/2023,01/12/2023,Tin thường,38542183
"Dự án ST Moritz Phạm Văn Đồng, Đường Phạm Văn Đồng, Phường Hiệp Bình Chánh, Thủ Đức, Hồ Chí Minh",71 m²,"3,6 tỷ",2 phòng,2 phòng,,Đầy đủ,,,24/11/2023,01/12/2023,Tin thường,38630709
"Dự án Citi Alto, Đường Nguyễn Thị Định, Phường Cát Lái, Quận 2, Hồ Chí Minh",52 m²,"1,7 tỷ",2 phòng,2 phòng,,,,,24/11/2023,01/12/2023,Tin thường,34459145
"Đường Võ Thị Thừa, Phường An Phú Đông, Quận 12, Hồ Chí Minh",840 m²,40 tỷ,,,,,,,24/11/2023,01/12/2023,Tin thường,38332214
"Dự án Sunrise City, Đường Nguyễn Hữu Thọ, Phường Tân Hưng, Quận 7, Hồ Chí Minh",70 m²,"3,58 tỷ",2 phòng,2 phòng,,Đầy đủ,,Sổ đỏ/ Sổ hồng,24/11/2023,01/12/2023,Tin thường,38630549
"294B Đường Trần Phú, Phường 8, Quận 5, Hồ Chí Minh","111,2 m²",10 tỷ,4 phòng,3 phòng,2 tầng,Không nội thất,,Sổ đỏ/ Sổ hồng,24/11/2023,04/12/2023,Tin VIP Vàng,38629078
"Đường Lê Văn Việt, Phường Tân Phú, Quận 9, Hồ Chí Minh",193 m²,"38,5 tỷ",,,,,,Sổ hồng,24/11/2023,01/12/2023,Tin thường,38630803
"Dự án Zenity, Đường Võ Văn Kiệt, Phường Cầu Kho, Quận 1, Hồ Chí Minh","94,5 m²","8,2 tỷ",2 phòng,2 phòng,,Đầy đủ,,Đang chờ sổ,24/11/2023,01/12/2023,Tin thường,38630236
"Đường Nguyễn Văn Khối, Phường 11, Gò Vấp, Hồ Chí Minh",81 m²,"6,2 tỷ",1 phòng,1 phòng,1 tầng,,Bắc,,24/11/2023,01/12/2023,Tin thường,38624087
"Dự án Sunrise City, Đường Nguyễn Hữu Thọ, Phường Tân Hưng, Quận 7, Hồ Chí Minh",106 m²,"4,35 tỷ",2 phòng,2 phòng,,Nội thất cao cấp,Tây,Đã có sổ hồng,24/11/2023,01/12/2023,Tin thường,38491818
"Hẻm 146, Đường Số 8, Phường 11, Gò Vấp, Hồ Chí Minh",108 m²,"13,5 tỷ",4 phòng,3 phòng,4 tầng,"Nội thất cao cấp, hiện đại xây dựng năm 2023.",Đông - Bắc,Sổ hồng.,24/11/2023,01/12/2023,Tin thường,38623920
"Dự án Celadon City, Đường N1, Phường Sơn Kỳ, Tân Phú, Hồ Chí Minh",117 m²,"5,66 tỷ",3 phòng,2 phòng,,Cơ bản,,Hợp đồng mua bán,01/12/2023,08/12/2023,Tin VIP Vàng,38568614
"Dự án The Beverly - Vinhomes Grand Park, Phường Long Thạnh Mỹ, Quận 9, Hồ Chí Minh",50 m²,"2,9 tỷ",1 phòng,1 phòng,,Cơ bản.,,Hợp đồng mua bán,24/11/2023,01/12/2023,Tin thường,38547147
"Dự án Citi Soho, Phường Cát Lái, Quận 2, Hồ Chí Minh",59 m²,"1,72 tỷ",2 phòng,2 phòng,,Cơ bản,,Hợp đồng mua bán,24/11/2023,01/12/2023,Tin thường,38023010
"Dự án Eco Green Sài Gòn, Đường Nguyễn Văn Linh, Phường Tân Thuận Tây, Quận 7, Hồ Chí Minh",72 m²,"3,77 tỷ",2 phòng,2 phòng,,,,Hợp đồng mua bán,24/11/2023,01/12/2023,Tin thường,37377804
"Đường Phan Văn Trị, Phường 14, Bình Thạnh, Hồ Chí Minh",140 m²,"26,5 tỷ",6 phòng,7 phòng,,Đầy đủ,,Sổ đỏ/ Sổ hồng,24/11/2023,01/12/2023,Tin thường,37836265
"Phường 6, Quận 3, Hồ Chí Minh",800 m²,450 tỷ,,,,,,Sổ đỏ/ Sổ hồng,24/11/2023,01/12/2023,Tin thường,38628958
"Dự án The Pegasuite 2, Phố Tạ Quang Bửu, Phường 6, Quận 8, Hồ Chí Minh",52 m²,"1,95 tỷ",1 phòng,1 phòng,,Cơ bản,Tây - Bắc,Đang chờ sổ.,24/11/2023,01/12/2023,Tin thường,38628095
"TL57 Đường Bùi Công Trừng, Phường Thạnh Lộc, Quận 12, Hồ Chí Minh",576 m²,"7,9 tỷ",,,,,Đông - Nam,Sổ đỏ/ Sổ hồng.,24/11/2023,01/12/2023,Tin thường,38627959
"Dự án RichStar, Đường Tô Hiệu, Phường Hiệp Tân, Tân Phú, Hồ Chí Minh",91 m²,"3,2 tỷ",3 phòng,2 phòng,,"Giao thô, HTCB, full nội thất.",,Có sổ.,23/11/2023,03/12/2023,Tin VIP Vàng,35999817
"Đường Lê Thánh Tôn, Phường Bến Thành, Quận 1, Hồ Chí Minh",178 m²,130 tỷ,3 phòng,3 phòng,3 tầng,Đầy đủ,,Sổ đỏ/ Sổ hồng.,23/11/2023,30/11/2023,Tin thường,38625124
"Đường Lê Văn Sỹ, Phường 1, Tân Bình, Hồ Chí Minh","67,3 m²",57 tỷ,,,3 tầng,,,,23/11/2023,08/12/2023,Tin VIP Vàng,37380592
"Đường Tân Hiệp 4, Xã Tân Hiệp, Hóc Môn, Hồ Chí Minh","112,2 m²","2,85 tỷ",,,,,,Sổ đỏ/ Sổ hồng,23/11/2023,30/11/2023,Tin thường,38344700
"Dự án One Verandah Mapletree, Đường Bát Nàn, Phường  Thạnh Mỹ Lợi, Quận 2, Hồ Chí Minh",80 m²,"4,8 tỷ",2 phòng,2 phòng,,,Đông - Nam,,19/11/2023,04/12/2023,Tin VIP Vàng,38509067
"Dự án The Beverly - Vinhomes Grand Park, Phường Long Thạnh Mỹ, Quận 9, Hồ Chí Minh",79 m²,Thỏa thuận,2 phòng,2 phòng,,Đầy đủ,Đông - Bắc,Hợp đồng mua bán,23/11/2023,30/11/2023,Tin thường,38623741
"Dự án Q7 Saigon Riverside, Đường Đào Trí, Phường Phú Thuận, Quận 7, Hồ Chí Minh",67 m²,"2,41 tỷ",2 phòng,2 phòng,,HTCB.,Nam,HĐMB.,23/11/2023,30/11/2023,Tin thường,38623603
"415, Đường Lê Trọng Tấn, Phường Sơn Kỳ, Tân Phú, Hồ Chí Minh",155 m²,116 triệu/m²,,,1 tầng,,,Sổ đỏ/ Sổ hồng,23/11/2023,30/11/2023,Tin thường,37743625
"Dự án One Verandah Mapletree, Đường Bát Nàn, Phường  Thạnh Mỹ Lợi, Quận 2, Hồ Chí Minh","80,5 m²","4,59 tỷ",2 phòng,2 phòng,,NTCB.,,,23/11/2023,30/11/2023,Tin thường,38488966
"Xã Tân Phú Trung, Củ Chi, Hồ Chí Minh",2.500 m²,7 triệu/m²,,,,,,Sổ đầy đủ.,23/11/2023,03/12/2023,Tin VIP Vàng,38533418
"Xã Tân Phú Trung, Củ Chi, Hồ Chí Minh",40.000 m²,Thỏa thuận,,,,,,Sổ đầy đủ.,23/11/2023,03/12/2023,Tin VIP Vàng,38533464
"Dự án Masteri Thảo Điền, Đường Xa Lộ Hà Nội, Phường Thảo Điền, Quận 2, Hồ Chí Minh",70 m²,4 tỷ,2 phòng,2 phòng,,"Đầy đủ, đẹp.",,Đã có sổ hồng.,22/11/2023,29/11/2023,Tin thường,27415487
"Đường Kiều Đàm, Phường Tân Hưng, Quận 7, Hồ Chí Minh","96,9 m²","12,5 tỷ",,,2 tầng,,Đông - Nam,,23/11/2023,08/12/2023,Tin VIP Vàng,38621817
"Đường Số 33, Phường An Phú, Quận 2, Hồ Chí Minh",160 m²,32 tỷ,5 phòng,5 phòng,3 tầng,Đầy đủ,,Sổ đỏ/ Sổ hồng,23/11/2023,30/11/2023,Tin thường,38542254
"Dự án RichStar, Đường Hòa Bình, Phường Hiệp Tân, Tân Phú, Hồ Chí Minh",53 m²,"2,3 tỷ",2 phòng,1 phòng,,Đầy đủ,Tây - Nam,Hợp đồng mua bán,23/11/2023,30/11/2023,Tin thường,38541740
"Dự án Estella Heights, Đường Song Hành, Phường An Phú, Quận 2, Hồ Chí Minh",123 m²,"11,7 tỷ",3 phòng,2 phòng,,Đầy đủ,,Sổ đỏ/ Sổ hồng,23/11/2023,30/11/2023,Tin thường,37038744
"Dự án Masteri Centre Point, Đường Nguyễn Xiển, Phường Long Thạnh Mỹ, Quận 9, Hồ Chí Minh",72 m²,"3,45 tỷ",2 phòng,2 phòng,,,,,30/11/2023,07/12/2023,Tin VIP Vàng,37842154
"Đường Cô Bắc, Phường Cầu Ông Lãnh, Quận 1, Hồ Chí Minh","66,4 m²",29 tỷ,,,,,,Sổ hồng,23/11/2023,30/11/2023,Tin thường,38621568
"Đường Nguyễn Bỉnh Khiêm, Phường Đa Kao, Quận 1, Hồ Chí Minh",135 m²,30 tỷ,6 phòng,6 phòng,6 tầng,,,,23/11/2023,30/11/2023,Tin thường,38621466
"Đường Duyên Hải, Xã Long Hòa, Cần Giờ, Hồ Chí Minh",1.000 m²,"13,5 tỷ",,,,,,,23/11/2023,08/12/2023,Tin VIP Vàng,38621341
"Dự án Lavita Charm, Đường Số 3, Phường Trường Thọ, Thủ Đức, Hồ Chí Minh",68 m²,"2,5 tỷ",2 phòng,2 phòng,,,,,30/11/2023,07/12/2023,Tin VIP Bạc,29728490
"Đường Lê Hùng Yên, Thị trấn Cần Thạnh, Cần Giờ, Hồ Chí Minh",200 m²,"12,2 tỷ",,,3 tầng,,Tây - Nam,,23/11/2023,08/12/2023,Tin VIP Vàng,38621302
"Đường Lê Hùng Yên, Thị trấn Cần Thạnh, Cần Giờ, Hồ Chí Minh",100 m²,"6,2 tỷ",,,3 tầng,,Tây - Nam,,23/11/2023,08/12/2023,Tin VIP Vàng,38621246
"Dự án Saigon Pearl, Đường Nguyễn Hữu Cảnh, Phường 22, Bình Thạnh, Hồ Chí Minh",92 m²,"5,1 tỷ",2 phòng,2 phòng,,Đầy đủ,Đông - Nam,Sổ đỏ/ Sổ hồng,23/11/2023,30/11/2023,Tin thường,38401093
"307/7, Phố Thạch Lam, Phường Phú Thạnh, Tân Phú, Hồ Chí Minh","175,5 m²","11,8 tỷ",11 phòng,11 phòng,2 tầng,Cơ bản.,Tây - Nam,Sổ đỏ/ Sổ hồng,23/11/2023,30/11/2023,Tin thường,38620379
"Dự án One Verandah Mapletree, Đường Bát Nàn, Phường  Thạnh Mỹ Lợi, Quận 2, Hồ Chí Minh",110 m²,"8,7 tỷ",3 phòng,3 phòng,,,,,23/11/2023,30/11/2023,Tin thường,38620239
"Dự án Vinhomes Grand Park, Phường Long Thạnh Mỹ, Quận 9, Hồ Chí Minh",47 m²,"1,8 tỷ",1 phòng,1 phòng,,,,Sổ đỏ/ Sổ hồng,30/11/2023,30/12/2023,Tin thường,38567828
"Dự án Zenity, Đường Võ Văn Kiệt, Phường Cầu Kho, Quận 1, Hồ Chí Minh",95 m²,"7,3 tỷ",3 phòng,2 phòng,,Như ảnh,,Rõ ràng,23/11/2023,30/11/2023,Tin thường,38562016
"Dự án Citi Home, Phường Cát Lái, Quận 2, Hồ Chí Minh",60 m²,"1,62 tỷ",2 phòng,1 phòng,,Cơ bản,,Sổ đỏ/ Sổ hồng,23/11/2023,30/11/2023,Tin thường,38514523
"Dự án Mizuki Park, Đường Nguyễn Văn Linh, Xã Bình Hưng, Bình Chánh, Hồ Chí Minh.",56 m²,"2,2 tỷ",2 phòng,1 phòng,,,,,23/11/2023,30/11/2023,Tin thường,37565496
"Dự án Celadon City, Đường N1, Phường Sơn Kỳ, Tân Phú, Hồ Chí Minh",65 m²,"2,52 tỷ",2 phòng,2 phòng,,Đầy đủ,,Sổ đỏ/ Sổ hồng,23/11/2023,03/12/2023,Tin VIP Vàng,38619019
"Đường Bùi Thị Xuân, Phường Bến Thành, Quận 1, Hồ Chí Minh",56 m²,"26,5 tỷ",,,8 tầng,,,,23/11/2023,30/11/2023,Tin thường,38618976
"Dự án Safira Khang Điền, Đường Võ Chí Công, Phường Phú Hữu, Quận 9, Hồ Chí Minh",50 m²,"2,27 tỷ",1 phòng,1 phòng,,Đầy đủ,,Sổ đỏ/ Sổ hồng,22/11/2023,29/11/2023,Tin thường,38612753
"Dự án Fuji Residence, Đường Đỗ Xuân Hợp, Phường Phước Long B, Quận 9, Hồ Chí Minh",66 m²,"2,3 tỷ",2 phòng,2 phòng,,Đầy đủ.,Đông - Nam,Sổ đỏ/ Sổ hồng.,22/11/2023,02/12/2023,Tin VIP Vàng,36326232
"Dự án Akari City Nam Long, Đường Võ Văn Kiệt, Phường An Lạc, Bình Tân, Hồ Chí Minh",78 m²,47 triệu/m²,2 phòng,2 phòng,,Cơ bản,,Sổ đỏ/ Sổ hồng,22/11/2023,29/11/2023,Tin thường,38616223
"Dự án Westgate, Đường Tân Túc, Thị trấn Tân Túc, Bình Chánh, Hồ Chí Minh",85 m²,"3,3 tỷ",3 phòng,2 phòng,,Đầy đủ,,Sổ đỏ/ Sổ hồng,22/11/2023,29/11/2023,Tin thường,38613459
"Dự án The Pegasuite, Phố Tạ Quang Bửu, Phường 6, Quận 8, Hồ Chí Minh",68 m²,"2,5 tỷ",2 phòng,2 phòng,,Đầy đủ,,Sổ đỏ/ Sổ hồng,22/11/2023,07/12/2023,Tin VIP Vàng,38210674
"Dự án De La Sol, Đường Tôn Thất Thuyết, Phường 1, Quận 4, Hồ Chí Minh",71 m²,"5,15 tỷ",2 phòng,2 phòng,,Cơ bản,,Hợp đồng mua bán,29/11/2023,06/12/2023,Tin VIP Vàng,38068433
"Đường Trần Quang Diệu, Phường 14, Quận 3, Hồ Chí Minh","43,5 m²",6 tỷ,3 phòng,4 phòng,3 tầng,,,Có sổ,22/11/2023,07/12/2023,Tin VIP Vàng,38614901
"Dự án Masteri Thảo Điền, Đường Xa Lộ Hà Nội, Phường Thảo Điền, Quận 2, Hồ Chí Minh",70 m²,"4,5 tỷ",2 phòng,2 phòng,,Đầy đủ,,Sổ đỏ/ Sổ hồng,22/11/2023,02/12/2023,Tin VIP Vàng,38614731
"Dự án The Global City, Phường An Phú, Quận 2, Hồ Chí Minh",95 m²,Thỏa thuận,,,,,Tây - Bắc,,22/11/2023,07/12/2023,Tin VIP Vàng,38477969
"Dự án Imperia An Phú, Phường An Phú, Quận 2, Hồ Chí Minh",131 m²,"6,2 tỷ",3 phòng,2 phòng,,,,,22/11/2023,02/12/2023,Tin thường,30161424
"Đường Nguyễn Công Trứ, Phường 19, Bình Thạnh, Hồ Chí Minh","49,9 m²",16 tỷ,4 phòng,3 phòng,4 tầng,Full nội thất,,Sổ đỏ chính chủ sẵn sàng sang tên,21/11/2023,06/12/2023,Tin VIP Vàng,38606958
"Dự án Verosa Park, Đường Liên Phường, Phường Phú Hữu, Quận 9, Hồ Chí Minh",102 m²,"12,3 tỷ",4 phòng,3 phòng,3 tầng,,Nam,Sổ đỏ/ Sổ hồng.,19/11/2023,04/12/2023,Tin VIP Vàng,36692265
"Dự án Gateway Thảo Điền, Đường Xa Lộ Hà Nội, Phường Thảo Điền, Quận 2, Hồ Chí Minh","59,65 m²","5,2 tỷ",1 phòng,1 phòng,,Đầy đủ,,Đang chờ sổ,21/11/2023,06/12/2023,Tin VIP Vàng,38605177
"Dự án Lumiere Riverside, Đường Xa Lộ Hà Nội, Phường An Phú, Quận 2, Hồ Chí Minh","168,2 m²",17 tỷ,5 phòng,4 phòng,,Đầy đủ.,,Hợp đồng mua bán,16/11/2023,01/12/2023,Tin thường,38572223
"Phường Hiệp Bình Chánh, Thủ Đức, Hồ Chí Minh","71,4 m²",Thỏa thuận,3 phòng,2 phòng,1 tầng,,Đông,Sổ đỏ/ Sổ hồng,21/11/2023,01/12/2023,Tin thường,38603085
"Dự án Sài Gòn Riverside Villas, Đường Tỉnh lộ 8, Xã Bình Mỹ, Củ Chi, Hồ Chí Minh",230 m²,"8,9 tỷ",3 phòng,3 phòng,3 tầng,Cơ bản,Đông - Nam,Sổ đỏ/ Sổ hồng,20/11/2023,05/12/2023,Tin VIP Vàng,38600104
"Đường Hồ Xuân Hương, Phường Võ Thị Sáu, Quận 3, Hồ Chí Minh",240 m²,120 tỷ,,,3 tầng,,,Sổ hồng,20/11/2023,05/12/2023,Tin VIP Vàng,38315539
"Dự án Đông Tăng Long, Đường Nguyễn Duy Trinh, Phường Trường Thạnh, Quận 9, Hồ Chí Minh",100 m²,"5,8 tỷ",4 phòng,4 phòng,3 tầng,Thô,Nam,Sổ đỏ/ Sổ hồng,20/11/2023,05/12/2023,Tin VIP Vàng,38598825
"Vinhomes Central Park, 720A, Đường Điện Biên Phủ, Phường 22, Bình Thạnh, Hồ Chí Minh",106 m²,"9,5 tỷ",3 phòng,2 phòng,,Cơ bản,Tây - Bắc,,20/11/2023,05/12/2023,Tin VIP Vàng,38487063
"Dự án Lumiere Riverside, Đường Xa Lộ Hà Nội, Phường An Phú, Quận 2, Hồ Chí Minh",73 m²,"6,93 tỷ",2 phòng,2 phòng,,,,Hợp đồng mua bán,20/11/2023,30/11/2023,Tin thường,38595853
"Xã Tân An Hội, Củ Chi, Hồ Chí Minh",45.111 m²,"1,6 triệu/m²",,,,,,Đã có sổ hồng,20/11/2023,05/12/2023,Tin VIP Vàng,38595627
"Dự án Topaz Elite, Đường Cao Lỗ, Phường 4, Quận 8, Hồ Chí Minh",85 m²,"3,15 tỷ",3 phòng,2 phòng,,,,,20/11/2023,30/11/2023,Tin thường,38503753
"Dự án Thái An Apartment, Đường Nguyễn Văn Quá, Phường Đông Hưng Thuận, Quận 12, Hồ Chí Minh",210 m²,8 tỷ,3 phòng,2 phòng,,Cao cấp,,Có sổ,18/11/2023,03/12/2023,Tin VIP Vàng,38589236
"Dự án Vạn Xuân Tam Bình, Đường Số 7, Phường Tam Bình, Thủ Đức, Hồ Chí Minh","143,9 m²","9,3 tỷ",4 phòng,5 phòng,4 tầng,Nội thất gỗ đỏ cao cấp.,,Sổ chính chủ,18/11/2023,03/12/2023,Tin VIP Vàng,38578085
"Dự án Empire City Thủ Thiêm, Đường Mai Chí Thọ, Phường Thủ Thiêm, Quận 2, Hồ Chí Minh",95 m²,10 tỷ,2 phòng,2 phòng,,,,Đang chờ sổ.,18/11/2023,03/12/2023,Tin VIP Vàng,37659790
"hem 151 Đường Huỳnh Văn Bánh, Phường 12, Phú Nhuận, Hồ Chí Minh",27 m²,"5,5 tỷ",3 phòng,2 phòng,4 tầng,Cơ bản,,Sổ đỏ/ Sổ hồng,17/11/2023,02/12/2023,Tin VIP Vàng,38460027
"Dự án De La Sol, Đường Tôn Thất Thuyết, Phường 1, Quận 4, Hồ Chí Minh",71 m²,"5,15 tỷ",2 phòng,2 phòng,,"Đầy đủ bàn giao nội thất: Bếp, tủ bếp, lò nướng, máy lạnh, tủ quần áo, tủ giày dép, thiết bị vệ sinh,...",,Sổ đỏ/ Sổ hồng,17/11/2023,02/12/2023,Tin VIP Vàng,37677674
"Đường Nguyễn Duy Trinh, Phường Phú Hữu, Quận 9, Hồ Chí Minh",120 m²,"4,2 tỷ",,,,,,,17/11/2023,02/12/2023,Tin thường,38449123
"Đường Số 8, Phường Trường Thọ, Thủ Đức, Hồ Chí Minh",184 m²,"11,2 tỷ",3 phòng,3 phòng,2 tầng,,Đông - Nam,,16/11/2023,01/12/2023,Tin thường,38573026
"Dự án The Nassim, Đường 11, Phường Thảo Điền, Quận 2, Hồ Chí Minh","84,6 m²","8,7 tỷ",2 phòng,1 phòng,,Đầy đủ,,Sổ đỏ/ Sổ hồng,16/11/2023,01/12/2023,Tin thường,38104134
"Đường Lê Hồng Phong, Phường 2, Quận 10, Hồ Chí Minh","39,2 m²","8,5 tỷ",,,3 tầng,,Đông - Bắc,Có sổ hồng chính chủ,16/11/2023,01/12/2023,Tin thường,38568720
"Đường Nguyễn Trọng Lội, Phường 4, Tân Bình, Hồ Chí Minh",144 m²,40 tỷ,11 phòng,10 phòng,5 tầng,,Đông - Nam,Pháp lý rõ ràng,15/11/2023,30/11/2023,Tin thường,38561082
"Đường Bùi Quang Là, Phường 12, Gò Vấp, Hồ Chí Minh",101 m²,11 tỷ,,,,,,,15/11/2023,30/11/2023,Tin thường,38560929
"Đường Xuân Thới Thượng 24, Xã Xuân Thới Thượng, Hóc Môn, Hồ Chí Minh","398,8 m²","13,5 tỷ",3 phòng,4 phòng,1 tầng,,Tây,"Sổ hồng riêng, pháp lí rõ ràng",30/11/2023,15/12/2023,Tin VIP Vàng,38434477
"Dự án Belleza Apartment, Đường Phạm Hữu Lầu, Phường Phú Mỹ, Quận 7, Hồ Chí Minh",45 m²,"1,5 tỷ",1 phòng,1 phòng,,Cơ bản.,Đông - Bắc,,01/12/2023,16/12/2023,Tin VIP Vàng,34247907
"Dự án Homyland Riverside, Đường Nguyễn Duy Trinh, Phường Bình Trưng Đông, Quận 2, Hồ Chí Minh",75 m²,39 triệu/m²,2 phòng,2 phòng,,Cơ bản,Đông,Đang chờ sổ,14/11/2023,29/11/2023,Tin thường,38556260
"Đường Bùi Viện, Phường Phạm Ngũ Lão, Quận 1, Hồ Chí Minh","44,5 m²","6,5 tỷ",2 phòng,,2 tầng,,,SỔ ĐỎ / SỔ HỒNG,14/11/2023,29/11/2023,Tin thường,38555690
"Dự án HaDo Centrosa Garden, Đường 3/2, Phường 12, Quận 10, Hồ Chí Minh",87 m²,"7,3 tỷ",2 phòng,2 phòng,,Đầy đủ,Tây - Bắc,Sổ đỏ/ Sổ hồng,14/11/2023,29/11/2023,Tin thường,38553362
"Phường 6, Gò Vấp, Hồ Chí Minh",14 m²,"1,28 tỷ",,,1 tầng,,,,29/11/2023,09/12/2023,Tin VIP Bạc,38664295
"Đường Bến Chương Dương, Phường Cầu Kho, Quận 1, Hồ Chí Minh","28,4 m²",Thỏa thuận,,,,,,,29/11/2023,06/12/2023,Tin VIP Bạc,38664285
"Dự án The Infiniti Riviera Point, Đường Huỳnh Tấn Phát, Phường Tân Phú, Quận 7, Hồ Chí Minh",121 m²,"7,9 tỷ",3 phòng,3 phòng,,Cơ bản,Nam,Hợp đồng mua bán,29/11/2023,06/12/2023,Tin VIP Bạc,38664252
"Đường Phan Huy Ích, Phường 15, Tân Bình, Hồ Chí Minh",58 m²,850 triệu,2 phòng,2 phòng,,Đầy đủ,,Sổ đỏ/ Sổ hồng,29/11/2023,06/12/2023,Tin VIP Bạc,37480387
"Đường Xô Viết Nghệ Tĩnh, Phường 21, Bình Thạnh, Hồ Chí Minh",142 m²,2 tỷ,,,1 tầng,,,CÓ SỔ,29/11/2023,14/12/2023,Tin VIP Bạc,37246040
"Đường 48, Phường Hiệp Bình Chánh, Thủ Đức, Hồ Chí Minh","64,68 m²","4,7 tỷ",2 phòng,2 phòng,2 tầng,Đầy đủ,,Sổ đỏ/ Sổ hồng,29/11/2023,09/12/2023,Tin VIP Bạc,38664157
"Dự án Thạnh Mỹ Lợi, Phường  Thạnh Mỹ Lợi, Quận 2, Hồ Chí Minh",90 m²,146 triệu/m²,,,,,,Sổ đỏ/ Sổ hồng,29/11/2023,06/12/2023,Tin VIP Bạc,38664102
"Dự án Him Lam Chợ Lớn, Đường Hậu Giang, Phường 11, Quận 6, Hồ Chí Minh",86 m²,"3,1 tỷ",2 phòng,2 phòng,,,,Sổ đỏ/ Sổ hồng,29/11/2023,06/12/2023,Tin VIP Bạc,38610308
"688, Đường Hương lộ 2, Phường Bình Trị Đông, Bình Tân, Hồ Chí Minh",54 m²,"5,5 tỷ",5 phòng,4 phòng,5 tầng,"Tủ Lạnh Samsung 2 Cánh, Bộ ghế Sofa Phòng Khách, 3 Máy Lạnh Toshiba, Tủ Quần Áo, Giường Niệm, bộ Drap Everon, Kệ Trang Điểm, Bồn Tắm",,Sổ đỏ/ Sổ hồng,29/11/2023,09/12/2023,Tin VIP Bạc,37931072
"Đường Lê Trực, Phường 7, Bình Thạnh, Hồ Chí Minh",56 m²,"10,8 tỷ",4 phòng,5 phòng,4 tầng,Cơ bản,Nam,Sổ đỏ/ Sổ hồng,29/11/2023,06/12/2023,Tin VIP Bạc,38506317
"Đường Song Hành, Phường Tân Hưng Thuận, Quận 12, Hồ Chí Minh",72 m²,"9,8 tỷ",2 phòng,3 phòng,2 tầng,,Đông,,29/11/2023,06/12/2023,Tin VIP Bạc,38663928
"Dự án Saigon Royal Residence, Đường Bến Vân Đồn, Phường 12, Quận 4, Hồ Chí Minh",35 m²,"2,5 tỷ",2 phòng,1 phòng,,,,,23/11/2023,30/11/2023,Tin thường,38622758
"Dự án Mizuki Park, Đường Nguyễn Văn Linh, Xã Bình Hưng, Bình Chánh, Hồ Chí Minh",83 m²,"3,76 tỷ",2 phòng,2 phòng,,,,,29/11/2023,06/12/2023,Tin VIP Bạc,37597702
"La Astoria, Số 383, Đường Nguyễn Duy Trinh, Phường Bình Trưng Tây, Quận 2, Hồ Chí Minh",67 m²,"2,4 tỷ",2 phòng,2 phòng,,Đầy đủ,,,29/11/2023,06/12/2023,Tin VIP Bạc,38333797
"Saigon Mystery Villas, 106, Đường Lê Hữu Kiều, Phường Bình Trưng Tây, Quận 2, Hồ Chí Minh",100 m²,"24,3 tỷ",,,4 tầng,Không nội thất,Đông - Bắc,Hợp đồng mua bán,29/11/2023,09/12/2023,Tin VIP Bạc,37729797
"Đường 5, Phường 17, Gò Vấp, Hồ Chí Minh",167 m²,"14,8 tỷ",,,,,Tây - Nam,Đã có sổ,29/11/2023,06/12/2023,Tin VIP Bạc,38663576
"Dự án Verosa Park, Đường Liên Phường, Phường Phú Hữu, Quận 9, Hồ Chí Minh",85 m²,"11,8 tỷ",,,,,,Sổ đỏ/ Sổ hồng,29/11/2023,06/12/2023,Tin VIP Bạc,38663565
"Dự án Akari City Nam Long, Đường Võ Văn Kiệt, Phường An Lạc, Bình Tân, Hồ Chí Minh",60 m²,3 tỷ,2 phòng,1 phòng,,Cơ bản,Nam,Hợp đồng mua bán,29/11/2023,06/12/2023,Tin VIP Bạc,38663423
"Đường Nguyễn Văn Trỗi, Phường 8, Phú Nhuận, Hồ Chí Minh",135 m²,33 tỷ,,,,,,,29/11/2023,09/12/2023,Tin VIP Bạc,38590296
"Đường Tây Lân, Phường Bình Hưng Hòa A, Bình Tân, Hồ Chí Minh",80 m²,Thỏa thuận,,,,,,Sổ đỏ/ Sổ hồng,25/11/2023,02/12/2023,Tin VIP Bạc,38638687
"Đường K300, Phường 12, Tân Bình, Hồ Chí Minh",80 m²,"14,6 tỷ",,,,,,,29/11/2023,06/12/2023,Tin VIP Bạc,38663196
"Đường Lạc Long Quân, Phường 2, Tân Bình, Hồ Chí Minh",120 m²,25 tỷ,,,,,,,29/11/2023,06/12/2023,Tin VIP Bạc,38663131
"Hoàng Anh An Tiến - Gold House, 187A, Đường Lê Văn Lương, Xã Phước Kiển, Nhà Bè, Hồ Chí Minh",96 m²,"2,25 tỷ",2 phòng,2 phòng,,Cơ bản,,Sổ đỏ/ Sổ hồng,29/11/2023,06/12/2023,Tin VIP Bạc,38612723
"Đường Nguyễn Xiển, Phường Long Thạnh Mỹ, Quận 9, Hồ Chí Minh",151 m²,9 tỷ,,,,,Tây - Bắc,Sổ đỏ/ Sổ hồng,29/11/2023,06/12/2023,Tin VIP Bạc,38662773
"Dự án Happy One Premier Thạnh Lộc, Đường Thạnh Lộc 8, Phường Thạnh Lộc, Quận 12, Hồ Chí Minh",67 m²,"2,73 tỷ",2 phòng,2 phòng,,Cơ bản,Bắc,Sổ đỏ/ Sổ hồng,29/11/2023,06/12/2023,Tin VIP Bạc,36978107
"Dự án Terra Rosa, Đường 7, Xã Phong Phú, Bình Chánh, Hồ Chí Minh",69 m²,"1,7 tỷ",2 phòng,2 phòng,,,Tây - Bắc,Sổ đỏ/ Sổ hồng,29/11/2023,09/12/2023,Tin VIP Bạc,38662983
"Đường Bàu Cát 2, Phường 14, Tân Bình, Hồ Chí Minh",54 m²,"1,95 tỷ",2 phòng,2 phòng,,Đầy đủ,,Sổ đỏ/ Sổ hồng,29/11/2023,09/12/2023,Tin VIP Bạc,38662805
"Đường Lê Thị Tám, Xã Nhơn Đức, Nhà Bè, Hồ Chí Minh",1.060 m²,19 tỷ,,,,,,Sổ đỏ/ Sổ hồng,29/11/2023,06/12/2023,Tin VIP Bạc,37714908
"Dự án Jamila Khang Điền, Đường Song Hành, Phường Phú Hữu, Quận 9, Hồ Chí Minh",75 m²,"3,1 tỷ",2 phòng,2 phòng,,Nhà trống như CĐT bàn giao.,,Sổ đỏ/ Sổ hồng,29/11/2023,09/12/2023,Tin VIP Bạc,38237565
"Phường Thạnh Lộc, Quận 12, Hồ Chí Minh",254 m²,"12,5 tỷ",,,,,Tây,Sổ đỏ/ Sổ hồng,29/11/2023,06/12/2023,Tin VIP Bạc,38517347
"Hẻm 44/, Đường Dương Đức Hiền, Phường Tây Thạnh, Tân Phú, Hồ Chí Minh",64 m²,"6,4 tỷ",,,,Full nội thất,,Sổ đỏ,29/11/2023,06/12/2023,Tin VIP Bạc,38662698
"Đường Cao Thắng, Phường 5, Quận 3, Hồ Chí Minh",234 m²,90 tỷ,,,9 tầng,,,,29/11/2023,06/12/2023,Tin VIP Bạc,38517318
"Đường Út Tịch, Phường 4, Tân Bình, Hồ Chí Minh","46,2 m²","7,8 tỷ",1 phòng,1 phòng,2 tầng,,,Sổ đỏ/ Sổ hồng,29/11/2023,06/12/2023,Tin VIP Bạc,38662633
"Dự án Akari City Nam Long, Đường Võ Văn Kiệt, Phường An Lạc, Bình Tân, Hồ Chí Minh",121 m²,4 tỷ,3 phòng,3 phòng,,Cơ bản,Bắc,Đang chờ sổ,23/11/2023,08/12/2023,Tin VIP Bạc,38620725
"Xã Bình Khánh, Cần Giờ, Hồ Chí Minh",1.002 m²,"7,5 tỷ",,,,,,"Đảm bảo đầy đủ sổ, giấy tờ",29/11/2023,14/12/2023,Tin VIP Bạc,38661766
"Dự án Lavila Kiến Á - Nhà Bè, Đường Nguyễn Hữu Thọ, Xã Phước Kiển, Nhà Bè, Hồ Chí Minh",105 m²,Thỏa thuận,4 phòng,4 phòng,3 tầng,Cơ bản,,Sổ đỏ/ Sổ hồng,29/11/2023,06/12/2023,Tin VIP Bạc,37706459
"Đường 8, Phường Tăng Nhơn Phú B, Quận 9, Hồ Chí Minh",103 m²,"6,9 tỷ",,,,,Đông,Sổ đỏ/ Sổ hồng,29/11/2023,06/12/2023,Tin VIP Bạc,38662441
"Đường Hương lộ 2, Phường Bình Trị Đông A, Bình Tân, Hồ Chí Minh",74 m²,"7,5 tỷ",4 phòng,6 phòng,5 tầng,Đầy đủ,Tây,Sổ đỏ/ Sổ hồng,29/11/2023,09/12/2023,Tin VIP Bạc,38523285
"Dự án Đông Tăng Long, Đường Nguyễn Duy Trinh, Phường Trường Thạnh, Quận 9, Hồ Chí Minh",100 m²,"6,2 tỷ",4 phòng,5 phòng,3 tầng,,,Sổ đỏ/ Sổ hồng,29/11/2023,06/12/2023,Tin VIP Bạc,38379467
"Đường Hoàng Bật Đạt, Phường 15, Tân Bình, Hồ Chí Minh",48 m²,"6,2 tỷ",4 phòng,5 phòng,4 tầng,Đầy đủ,Đông - Bắc,Sổ đỏ/ Sổ hồng,29/11/2023,06/12/2023,Tin VIP Bạc,38662312
"Dự án RichStar, Đường Hòa Bình, Phường Hiệp Tân, Tân Phú, Hồ Chí Minh",53 m²,"2,35 tỷ",2 phòng,1 phòng,,Đầy đủ,,Hợp đồng mua bán,29/11/2023,06/12/2023,Tin VIP Bạc,37488324
"Dự án Vinhomes Central Park, Đường Điện Biên Phủ, Phường 22, Bình Thạnh, Hồ Chí Minh",82 m²,"4,7 tỷ",2 phòng,2 phòng,,Đầy đủ,Đông - Bắc,Hợp đồng mua bán,25/11/2023,10/12/2023,Tin VIP Bạc,36990431
"Dự án Depot Metro Tower, Đường Lê Văn Chí, Phường Linh Trung, Thủ Đức, Hồ Chí Minh",95 m²,"2,25 tỷ",2 phòng,2 phòng,,Đầy đủ,,Hợp đồng mua bán,29/11/2023,06/12/2023,Tin VIP Bạc,38662021
"Đường Nguyễn Trãi, Phường Bến Thành, Quận 1, Hồ Chí Minh",270 m²,95 tỷ,,,5 tầng,,,,29/11/2023,06/12/2023,Tin VIP Bạc,38661853
"Đường Hương Lộ 11, Xã Tân Quý Tây, Bình Chánh, Hồ Chí Minh",400 m²,"9,79 tỷ",,,,Không nội thất,,Sổ đỏ/ Sổ hồng,29/11/2023,09/12/2023,Tin VIP Bạc,38661840
"Dự án The Western Capital, 116 Đường Lý Chiêu Hoàng, Phường 10, Quận 6, Hồ Chí Minh",50 m²,"1,97 tỷ",2 phòng,1 phòng,,Cơ bản,Bắc,Hợp đồng mua bán,25/11/2023,05/12/2023,Tin VIP Bạc,38465354
"208, Đường Nguyễn Gia Trí, Phường 25, Bình Thạnh, Hồ Chí Minh",62 m²,"2,4 tỷ",2 phòng,1 phòng,,,,Sổ hồng chính chủ,29/11/2023,14/12/2023,Tin VIP Bạc,38338880
"Đường Đinh Tiên Hoàng, Phường 1, Bình Thạnh, Hồ Chí Minh",51 m²,5 tỷ,3 phòng,2 phòng,2 tầng,,Tây,,23/11/2023,30/11/2023,Tin thường,38622496
"Hẻm 2941, Đường Phạm Thế Hiển, Phường 7, Quận 8, Hồ Chí Minh","77,8 m²","5,5 tỷ",2 phòng,,,,,Sổ đỏ/ Sổ hồng,29/11/2023,06/12/2023,Tin VIP Bạc,38606104
"Đường Nguyễn Oanh, Phường 17, Gò Vấp, Hồ Chí Minh",110 m²,"10,19 tỷ",,,4 tầng,Cơ bản,,Sổ đỏ/ Sổ hồng,29/11/2023,09/12/2023,Tin VIP Bạc,38233364
"Dự án Lexington Residence, Đường Mai Chí Thọ, Phường An Phú, Quận 2, Hồ Chí Minh.","48,5 m²","2,2 tỷ",1 phòng,1 phòng,,,,,29/11/2023,06/12/2023,Tin VIP Bạc,36212226
"Dự án Carillon 7, Đường Lương Minh Nguyệt, Phường Tân Thới Hòa, Tân Phú, Hồ Chí Minh",50 m²,"2,45 tỷ",1 phòng,1 phòng,,Đầy đủ,Bắc,Sổ đỏ/ Sổ hồng,29/11/2023,06/12/2023,Tin VIP Bạc,36980890
"Đường 42, Phường Bình Trưng Đông, Quận 2, Hồ Chí Minh",200 m²,"18,6 tỷ",,,,Cơ bản,,Sổ đỏ/ Sổ hồng,29/11/2023,06/12/2023,Tin VIP Bạc,37914362
"741 Đường Nguyễn Duy Trinh, Phường Phú Hữu, Quận 9, Hồ Chí Minh",110 m²,"16,6 tỷ",,,,,Nam,Sổ đỏ/ Sổ hồng,29/11/2023,06/12/2023,Tin VIP Bạc,28720388
"Dự án Saigon South Residences, Đường Nguyễn Hữu Thọ, Xã Phước Kiển, Nhà Bè, Hồ Chí Minh",71 m²,3 tỷ,2 phòng,2 phòng,,,,,27/11/2023,07/12/2023,Tin VIP Bạc,38646857
"Đường Nguyễn Cửu Vân, Phường 17, Bình Thạnh, Hồ Chí Minh",72 m²,"10,6 tỷ",4 phòng,3 phòng,4 tầng,Cơ bản,,Sổ đỏ/ Sổ hồng,29/11/2023,09/12/2023,Tin VIP Bạc,38661275
"Dự án Hưng Phú 1, Đường Liên Phường, Phường Phước Long B, Quận 9, Hồ Chí Minh",175 m²,15 tỷ,4 phòng,4 phòng,3 tầng,,,,29/11/2023,06/12/2023,Tin VIP Bạc,38661263
"Đường Phan Văn Đối, Xã Bà Điểm, Hóc Môn, Hồ Chí Minh",176 m²,"8,5 tỷ",2 phòng,3 phòng,1 tầng,Đầy đủ,Đông - Bắc,Sổ đỏ/ Sổ hồng,29/11/2023,06/12/2023,Tin VIP Bạc,38345914
"Dự án Huy Hoàng, Đường Nguyễn Thanh Sơn, Phường  Thạnh Mỹ Lợi, Quận 2, Hồ Chí Minh",200 m²,90 tỷ,,,6 tầng,Căng bản,Tây - Bắc,Sổ Hồng công đầy đủ,29/11/2023,09/12/2023,Tin VIP Bạc,38661118
"Đường Tân Hương, Phường Tân Quý, Tân Phú, Hồ Chí Minh",160 m²,"34,5 tỷ",8 phòng,8 phòng,4 tầng,Cao cấp,,Đầy đủ,29/11/2023,09/12/2023,Tin VIP Bạc,38661077
"KDC Nhà Việt, 185, Đường Ngô Chí Quốc, Phường Bình Chiểu, Thủ Đức, Hồ Chí Minh","57,2 m²","3,2 tỷ",,,,,Tây - Nam,Sổ đỏ/ Sổ hồng,29/11/2023,14/12/2023,Tin VIP Bạc,38661025
"Đường Quốc lộ 22, Xã Phước Thạnh, Củ Chi, Hồ Chí Minh",140 m²,550 triệu,,,,,,Sổ đỏ/ Sổ hồng,29/11/2023,06/12/2023,Tin VIP Bạc,38603125
"Đường Tây Lân, Phường Tân Tạo A, Bình Tân, Hồ Chí Minh",50 m²,"3,2 tỷ",,,,,Nam,Sổ đỏ/ Sổ hồng.,29/11/2023,06/12/2023,Tin VIP Bạc,37561186
"Đường Phạm Văn Chiêu, Phường 14, Gò Vấp, Hồ Chí Minh",50 m²,"6,1 tỷ",4 phòng,5 phòng,5 tầng,Đầy đủ.,Đông - Bắc,Sổ đỏ/ Sổ hồng,29/11/2023,06/12/2023,Tin VIP Bạc,37799093
"Đường Dương Quảng Hàm, Phường 5, Gò Vấp, Hồ Chí Minh",45 m²,"7,8 tỷ",4 phòng,6 phòng,5 tầng,Đầy đủ.,,Sổ đỏ/ Sổ hồng,29/11/2023,09/12/2023,Tin VIP Bạc,37807740
"Dự án Phú Xuân Vạn Phát Hưng, Đường Huỳnh Tấn Phát, Xã Phú Xuân, Nhà Bè, Hồ Chí Minh",200 m²,43 triệu/m²,,,,,Đông - Nam,Sổ đỏ,29/11/2023,06/12/2023,Tin VIP Bạc,38660888
"Dự án Nam Rạch Chiếc, Đường Nguyễn Duy Trinh, Phường An Phú, Quận 2, Hồ Chí Minh",80 m²,"7,9 tỷ",,,,,,,29/11/2023,09/12/2023,Tin VIP Bạc,38660996
"Số 269 Phan Huy Ích, Phường 14, Gò Vấp, Hồ Chí Minh",124 m²,"12,2 tỷ",15 phòng,15 phòng,4 tầng,,,,29/11/2023,06/12/2023,Tin VIP Bạc,38560252
"Đường Nguyễn Thượng Hiền, Phường 5, Bình Thạnh, Hồ Chí Minh",72 m²,"14,5 tỷ",7 phòng,7 phòng,5 tầng,,,Sổ đỏ/ Sổ hồng,29/11/2023,06/12/2023,Tin VIP Bạc,38438202
"Dự án Lucky Palace, Đường Phan Văn Khỏe, Phường 2, Quận 6, Hồ Chí Minh",83 m²,"3,75 tỷ",2 phòng,2 phòng,,Đầy đủ,,Sổ đỏ/ Sổ hồng,29/11/2023,06/12/2023,Tin VIP Bạc,38599340
"Đường Phạm Văn Chiêu, Phường 14, Gò Vấp, Hồ Chí Minh",58 m²,"8,5 tỷ",4 phòng,4 phòng,4 tầng,,,Sổ đỏ/ Sổ hồng,29/11/2023,06/12/2023,Tin VIP Bạc,38660686
"Đường Bàn Cờ, Phường 3, Quận 3, Hồ Chí Minh",48 m²,Thỏa thuận,2 phòng,2 phòng,2 tầng,Đầy đủ,,Sổ đỏ/ Sổ hồng,29/11/2023,06/12/2023,Tin VIP Bạc,38660657
"Dự án Xi Grand Court, Phố Lý Thường Kiệt, Phường 14, Quận 10, Hồ Chí Minh",90 m²,"5,65 tỷ",3 phòng,2 phòng,,"Nhà đã được trang bị nội thất cơ bản của Chủ Đầu Tư: Tủ quần áo, tủ kệ bếp, bồn rửa, các thiết bị trong nhà vệ sinh, rất thích hợp với quý khách nào mua về tự thiết kế nội thất cho căn hộ của mình.",,Hợp đồng mua bán,29/11/2023,06/12/2023,Tin VIP Bạc,38604466
"Đường Bùi Hữu Nghĩa, Phường 1, Bình Thạnh, Hồ Chí Minh","51,6 m²","11,5 tỷ",3 phòng,3 phòng,2 tầng,,,Sổ đỏ/ Sổ hồng,29/11/2023,06/12/2023,Tin VIP Bạc,34558151
"Dự án Cộng Hòa Garden, Đường Cộng Hòa, Phường 12, Tân Bình, Hồ Chí Minh",50 m²,"2,5 tỷ",1 phòng,1 phòng,,,Bắc,,29/11/2023,06/12/2023,Tin VIP Bạc,38660646
"Đường Huỳnh Văn Trí, Xã Tân Quý Tây, Bình Chánh, Hồ Chí Minh","129,5 m²",3 tỷ,,,,,,Sổ đỏ/ Sổ hồng.,29/11/2023,06/12/2023,Tin VIP Bạc,38660628
"Đường Bùi Đình Túy, Phường 26, Bình Thạnh, Hồ Chí Minh",90 m²,18 tỷ,5 phòng,5 phòng,4 tầng,,Bắc,Sổ hồng,29/11/2023,06/12/2023,Tin VIP Bạc,38273503
"Dự án Saigon South Residences, Đường Nguyễn Hữu Thọ, Xã Phước Kiển, Nhà Bè, Hồ Chí Minh",75 m²,"3,4 tỷ",2 phòng,2 phòng,,Đầy đủ,Nam,Sổ đỏ/ Sổ hồng,27/11/2023,04/12/2023,Tin VIP Bạc,37725745
"339/1, Đường Lê Văn Sỹ, Phường 13, Quận 3, Hồ Chí Minh",271 m²,"40,8 tỷ",,,,,,Sổ đỏ/ Sổ hồng,29/11/2023,06/12/2023,Tin VIP Bạc,38127460
"Dự án The Gold View, Đường Bến Vân Đồn, Phường 1, Quận 4, Hồ Chí Minh",70 m²,"3,4 tỷ",2 phòng,1 phòng,,Nội thất đầy đủ cao cấp.,Đông - Nam,Hợp đồng mua bán.,29/11/2023,06/12/2023,Tin VIP Bạc,34270772
"Dự án Vinhomes Golden River Ba Son, Phố Tôn Đức Thắng, Phường Bến Nghé, Quận 1, Hồ Chí Minh",50 m²,18 triệu/tháng,1 phòng,1 phòng,,Đầy đủ,Đông - Nam,Hợp đồng mua bán,28/11/2023,13/12/2023,Tin VIP Bạc,38659666
"Dự án Riviera Point, Đường Huỳnh Tấn Phát, Phường Tân Phú, Quận 7, Hồ Chí Minh",156 m²,9 tỷ,3 phòng,3 phòng,,,,,28/11/2023,08/12/2023,Tin VIP Bạc,38656355
"Dự án One Verandah Mapletree, Đường Bát Nàn, Phường  Thạnh Mỹ Lợi, Quận 2, Hồ Chí Minh",77 m²,"4,65 tỷ",2 phòng,2 phòng,,Bang giao tiêu chuẩn cao cấp,,,28/11/2023,05/12/2023,Tin VIP Bạc,32730649
"Đường Nguyễn Duy Trinh, Phường Bình Trưng Đông, Thủ Đức, Hồ Chí Minh",119 m²,"6,9 tỷ",3 phòng,3 phòng,2 tầng,Đầy đủ,,Sổ đỏ/ Sổ hồng,28/11/2023,05/12/2023,Tin VIP Bạc,38659502
"Dự án Kingdom 101, Đường Tô Hiến Thành, Phường 14, Quận 10, Hồ Chí Minh",50 m²,"3,6 tỷ",1 phòng,1 phòng,,Full nội thất đẹp.,,,28/11/2023,05/12/2023,Tin VIP Bạc,38334675
"Dự án The Infiniti Riviera Point, Đường Huỳnh Tấn Phát, Phường Tân Phú, Quận 7, Hồ Chí Minh","121,51 m²","7,97 tỷ",3 phòng,2 phòng,,Cơ bản,,Hợp đồng mua bán,28/11/2023,05/12/2023,Tin VIP Bạc,38659113
"Centum Wealth, số 2A, Đường Phan Chu Trinh, Phường Hiệp Phú, Quận 9, Hồ Chí Minh",68 m²,"1,9 tỷ",2 phòng,2 phòng,,,,,28/11/2023,05/12/2023,Tin VIP Bạc,31476460
"Đường Tam Châu, Phường Tam Bình, Thủ Đức, Hồ Chí Minh",45 m²,"2,65 tỷ",3 phòng,2 phòng,2 tầng,,,SHR,28/11/2023,05/12/2023,Tin VIP Bạc,38658980
"Đường Nguyễn Văn Lượng, Phường 17, Gò Vấp, Hồ Chí Minh",40 m²,"4,43 tỷ",3 phòng,3 phòng,2 tầng,,,Sổ đỏ/ Sổ hồng,28/11/2023,05/12/2023,Tin VIP Bạc,38545846
"Đường Trần Hưng Đạo, Phường Nguyễn Cư Trinh, Quận 1, Hồ Chí Minh",180 m²,26 tỷ,,,3 tầng,,,Sổ đỏ/ Sổ hồng,28/11/2023,05/12/2023,Tin VIP Bạc,38658904
"Phường 25, Bình Thạnh, Hồ Chí Minh",40 m²,"6,5 tỷ",3 phòng,,3 tầng,,,Sổ đỏ/ Sổ hồng,28/11/2023,05/12/2023,Tin VIP Bạc,38656927
"Dự án Nam Long Phú Thuận, Đường Nam Long, Phường Phú Thuận, Quận 7, Hồ Chí Minh",160 m²,15 tỷ,,,,,Nam,Sổ đỏ/ Sổ hồng,28/11/2023,05/12/2023,Tin VIP Bạc,38658775
"The Sun Avenue, 28, Đường Mai Chí Thọ, Phường An Phú, Quận 2, Hồ Chí Minh",73 m²,"3,7 tỷ",2 phòng,2 phòng,,Đầy đủ,,Hợp đồng mua bán,28/11/2023,05/12/2023,Tin VIP Bạc,38474993
"Đường Sương Nguyệt Ánh, Phường Bến Thành, Quận 1, Hồ Chí Minh","173,14 m²",58 tỷ,4 phòng,3 phòng,4 tầng,Đầy đủ,,Sổ đỏ/ Sổ hồng,28/11/2023,05/12/2023,Tin VIP Bạc,37594023
"Đường 520, Phường Hiệp Bình Phước, Thủ Đức, Hồ Chí Minh",100 m²,"6,75 tỷ",,,,,,Sổ đỏ/ Sổ hồng,28/11/2023,05/12/2023,Tin VIP Bạc,38658555
"Dự án The Privia, Đường An Dương Vương, Phường An Lạc, Bình Tân, Hồ Chí Minh",65 m²,Thỏa thuận,2 phòng,2 phòng,,Full nội thất cơ bản,Đông,"Sổ hồng riêng, sở hữu lâu dài",28/11/2023,05/12/2023,Tin VIP Bạc,38351076
"Dự án Grand Marina Saigon, Phố Tôn Đức Thắng, Phường Bến Nghé, Quận 1, Hồ Chí Minh",63 m²,"18,8 tỷ",1 phòng,1 phòng,,Cơ bản,,Hợp đồng mua bán,28/11/2023,05/12/2023,Tin VIP Bạc,38652855
"Dự án Midtown Phú Mỹ Hưng, Phường Tân Phú, Quận 7, Hồ Chí Minh",127 m²,"10,6 tỷ",3 phòng,2 phòng,,Đầy đủ.,Tây - Bắc,Hợp đồng mua bán.,28/11/2023,05/12/2023,Tin VIP Bạc,37120379
"Dự án Amelie Villa Phú Mỹ Hưng, Đường Huỳnh Tấn Phát, Xã Phú Xuân, Nhà Bè, Hồ Chí Minh",111 m²,"10,5 tỷ",6 phòng,6 phòng,4 tầng,Hoàn thiện ngoài thô bên trong.,Bắc,Hợp đồng mua bán sang tên Phú Mỹ Hưng.,28/11/2023,05/12/2023,Tin VIP Bạc,36495601
"Đường Ba Sa, Xã Phước Hiệp, Củ Chi, Hồ Chí Minh",112 m²,"2,45 tỷ",,,,,Nam,Sổ đỏ/ Sổ hồng,28/11/2023,05/12/2023,Tin VIP Bạc,38167656
"Đường Suối Lội, Xã Tân Thông Hội, Củ Chi, Hồ Chí Minh",233 m²,"4,3 tỷ",,,,,Đông - Nam,Sổ đỏ/ Sổ hồng,28/11/2023,05/12/2023,Tin VIP Bạc,37819660
"Dự án Saigon South Residences, Đường Nguyễn Hữu Thọ, Xã Phước Kiển, Nhà Bè, Hồ Chí Minh",71 m²,"2,9 tỷ",2 phòng,2 phòng,,,Đông,Đang chờ sổ,27/11/2023,12/12/2023,Tin VIP Bạc,34258733
"Đường Nguyễn Văn Khạ, Xã Tân An Hội, Củ Chi, Hồ Chí Minh",437 m²,"3,4 tỷ",,,,,Đông - Nam,Sổ đỏ/ Sổ hồng,28/11/2023,05/12/2023,Tin VIP Bạc,37658041
"Đường Nguyễn Thị Se, Xã Tân Thông Hội, Củ Chi, Hồ Chí Minh",150 m²,3 tỷ,,,,,,Sổ đỏ/ Sổ hồng,28/11/2023,05/12/2023,Tin VIP Bạc,35460789
"Đường Nguyễn Thị Rành, Xã Nhuận Đức, Củ Chi, Hồ Chí Minh",135 m²,"3,5 tỷ",,,,,,Sổ đỏ/ Sổ hồng,28/11/2023,05/12/2023,Tin VIP Bạc,35861150
"Dự án Zeitgeist City, Đường Nguyễn Hữu Thọ, Xã Phước Kiển, Nhà Bè, Hồ Chí Minh",119 m²,12 tỷ,4 phòng,4 phòng,4 tầng,,Tây - Nam,Hợp đồng mua bán.,28/11/2023,13/12/2023,Tin VIP Bạc,36597734
"Đường Suối Lội, Xã Tân Thông Hội, Củ Chi, Hồ Chí Minh",233 m²,"4,3 tỷ",2 phòng,1 phòng,,,,Sổ đỏ/ Sổ hồng,28/11/2023,05/12/2023,Tin VIP Bạc,35534319
"Đường Lý Thị Chừng, Xã Phú Hòa Đông, Củ Chi, Hồ Chí Minh",100 m²,"1,2 tỷ",,,,,,Sổ đỏ/ Sổ hồng,28/11/2023,05/12/2023,Tin VIP Bạc,38597126
"The Krista, số 537, Đường Nguyễn Duy Trinh, Phường Bình Trưng Đông, Quận 2, Hồ Chí Minh",102 m²,"4,85 tỷ",3 phòng,2 phòng,,"Nội thất gỗ An Cường, máy lạnh âm trần, loa âm trần PK, PN master + WC.",Tây - Bắc,Sổ đỏ/ Sổ hồng,28/11/2023,08/12/2023,Tin VIP Bạc,38657486
"Dự án Imperia An Phú, Phường An Phú, Quận 2, Hồ Chí Minh",131 m²,"5,9 tỷ",3 phòng,2 phòng,,Full nội thất cao cấp.,Đông,,28/11/2023,08/12/2023,Tin VIP Bạc,36965649
"Q7 Saigon Riverside, 4, Đường Đào Trí, Phường Phú Thuận, Quận 7, Hồ Chí Minh",86 m²,"3,49 tỷ",2 phòng,2 phòng,,Cơ bản,,Hợp đồng mua bán,24/11/2023,04/12/2023,Tin VIP Bạc,38544767
"25/11A, Đường Xuân Thủy, Phường Thảo Điền, Quận 2, Hồ Chí Minh","208,9 m²",45 tỷ,,,3 tầng,,,Sổ hồng,28/11/2023,05/12/2023,Tin VIP Bạc,38554872
"Đường Nguyễn Hữu Tiến, Phường Tây Thạnh, Tân Phú, Hồ Chí Minh",112 m²,"13,6 tỷ",14 phòng,14 phòng,4 tầng,Đầy đủ,,Sổ đỏ/ Sổ hồng,28/11/2023,08/12/2023,Tin VIP Bạc,38496208
"Đường Lê Quang Định, Phường 11, Bình Thạnh, Hồ Chí Minh",378 m²,62 tỷ,100 phòng,100 phòng,9 tầng,,,Sổ đỏ/ Sổ hồng.,28/11/2023,08/12/2023,Tin VIP Bạc,38574335
"Dự án Safira Khang Điền, Đường Võ Chí Công, Phường Phú Hữu, Quận 9, Hồ Chí Minh",50 m²,"2,1 tỷ",1 phòng,1 phòng,,Cơ bản,Tây - Bắc,Sổ đỏ/ Sổ hồng,23/11/2023,30/11/2023,Tin thường,38132900
"The Western Capital, 116, Đường Lý Chiêu Hoàng, Phường 10, Quận 6, Hồ Chí Minh",52 m²,"1,89 tỷ",2 phòng,1 phòng,,,,,28/11/2023,05/12/2023,Tin VIP Bạc,37524987
"Đường Trần Thiện Chánh, Phường 12, Quận 10, Hồ Chí Minh","82,5 m²",23 tỷ,,,4 tầng,,,Sổ đỏ/ Sổ hồng,28/11/2023,05/12/2023,Tin VIP Bạc,38656889
"Đường Trần Thiện Chánh, Phường 12, Quận 10, Hồ Chí Minh","82,5 m²",23 tỷ,,,4 tầng,,,Sổ đỏ/ Sổ hồng,28/11/2023,05/12/2023,Tin VIP Bạc,38656889
"Đường Nguyễn Thái Sơn, Phường 5, Gò Vấp, Hồ Chí Minh","73,9 m²","6,6 tỷ",,,,,,,28/11/2023,13/12/2023,Tin VIP Bạc,38656868
"One Verandah Mapletree, 02, Đường Bát Nàn, Phường  Thạnh Mỹ Lợi, Quận 2, Hồ Chí Minh",104 m²,"8,6 tỷ",3 phòng,2 phòng,,Cơ bản,,,28/11/2023,05/12/2023,Tin VIP Bạc,38656857
"Đường Nguyễn Văn Quá, Phường Đông Hưng Thuận, Quận 12, Hồ Chí Minh",96 m²,"9,5 tỷ",3 phòng,3 phòng,2 tầng,Đầy đủ,,Sổ đỏ/ Sổ hồng,28/11/2023,05/12/2023,Tin VIP Bạc,38356118
"Dự án New City Thủ Thiêm, Đường Mai Chí Thọ, Phường Bình Khánh, Quận 2, Hồ Chí Minh",85 m²,"4,9 tỷ",3 phòng,2 phòng,,Cơ bản.,,Hợp đồng mua bán,28/11/2023,05/12/2023,Tin VIP Bạc,38382635
"Đường Đào Duy Anh, Phường 9, Phú Nhuận, Hồ Chí Minh",91 m²,"18,5 tỷ",10 phòng,13 phòng,5 tầng,,Đông,Pháp lý rõ ràng. Hỗ trợ vay ngân hàng ba bên.,28/11/2023,05/12/2023,Tin VIP Bạc,38655482
"Đường Vành Đai 2, Phường Trường Thọ, Thủ Đức, Hồ Chí Minh",67 m²,55 triệu/m²,2 phòng,,,,Đông - Nam,Hợp đồng mua bán,28/11/2023,05/12/2023,Tin VIP Bạc,36728109
"Đường Phạm Văn Chiêu, Phường 14, Gò Vấp, Hồ Chí Minh",44 m²,"5,4 tỷ",4 phòng,5 phòng,4 tầng,,Đông - Nam,Sổ đỏ/ Sổ hồng.,28/11/2023,05/12/2023,Tin VIP Bạc,38656556
"Đường Cộng Hòa, Phường 4, Tân Bình, Hồ Chí Minh",86 m²,24 tỷ,18 phòng,18 phòng,7 tầng,,Đông - Nam,,28/11/2023,13/12/2023,Tin VIP Bạc,38557059
"Dự án The Western Capital, Đường Lý Chiêu Hoàng, Phường 10, Quận 6, Hồ Chí Minh",77 m²,"3,1 tỷ",2 phòng,2 phòng,,,,,28/11/2023,08/12/2023,Tin VIP Bạc,38656525
"Vista Verde, Số 1, Đường Phan Văn Đáng, Phường  Thạnh Mỹ Lợi, Quận 2, Hồ Chí Minh",82 m²,"4,78 tỷ",2 phòng,2 phòng,,"Nội thất cơ bản, nội thất đầy đủ.",,,28/11/2023,05/12/2023,Tin VIP Bạc,30689683
"Đường Đặng Thùy Trâm, Phường 13, Bình Thạnh, Hồ Chí Minh",240 m²,28 tỷ,6 phòng,6 phòng,4 tầng,,,Sổ đỏ/ Sổ hồng,28/11/2023,05/12/2023,Tin VIP Bạc,38656415
"Dự án Feliz En Vista, Đường Phan Văn Đáng, Phường  Thạnh Mỹ Lợi, Quận 2, Hồ Chí Minh",84 m²,"5,5 tỷ",2 phòng,2 phòng,,,,Đang chờ sổ.,28/11/2023,05/12/2023,Tin VIP Bạc,30062124
"Dự án Vinhomes Golden River Ba Son, Phố Tôn Đức Thắng, Phường Bến Nghé, Quận 1, Hồ Chí Minh",74 m²,"10,8 tỷ",2 phòng,2 phòng,,,,Sổ đỏ/ Sổ hồng,28/11/2023,05/12/2023,Tin VIP Bạc,38655474
"Dự án Him Lam 6A, Phố 24, Xã Bình Hưng, Bình Chánh, Hồ Chí Minh",250 m²,45 tỷ,11 phòng,10 phòng,4 tầng,Đầy đủ,,Sổ đỏ/ Sổ hồng,01/12/2023,08/12/2023,Tin VIP Bạc,38619583
"Đường An Dương Vương, Phường 16, Quận 8, Hồ Chí Minh","95,2 m²","2,25 tỷ",,,,,,,28/11/2023,05/12/2023,Tin VIP Bạc,38656271
"Đường Hồ Đắc Di, Phường 15, Tân Bình, Hồ Chí Minh",64 m²,905 triệu,2 phòng,2 phòng,,Đầy đủ,Đông - Nam,Sổ đỏ/ Sổ hồng,28/11/2023,05/12/2023,Tin VIP Bạc,38587407
"Đường Lê Văn Sỹ, Phường 13, Quận 3, Hồ Chí Minh",275 m²,41 tỷ,2 phòng,2 phòng,2 tầng,,Đông - Nam,Sổ đỏ/ Sổ hồng,28/11/2023,05/12/2023,Tin VIP Bạc,38656161
"Dự án CityLand Park Hills, Đường Phan Văn Trị, Phường 10, Gò Vấp, Hồ Chí Minh",100 m²,"16,3 tỷ",7 phòng,7 phòng,4 tầng,Cơ bản.,,Sổ đỏ/ Sổ hồng.,28/11/2023,05/12/2023,Tin VIP Bạc,38656150
"Dự án Park Riverside Tân Cảng, Đường Bưng Ông Thoàn, Phường Phú Hữu, Quận 9, Hồ Chí Minh",75 m²,"7,2 tỷ",3 phòng,3 phòng,3 tầng,Không nội thất,Tây - Nam,Sổ đỏ/ Sổ hồng,28/11/2023,05/12/2023,Tin VIP Bạc,38463769
"Dự án Park Riverside Tân Cảng, Đường Bưng Ông Thoàn, Phường Phú Hữu, Quận 9, Hồ Chí Minh",75 m²,"7,2 tỷ",,,3 tầng,,Đông - Bắc,Có sổ.,28/11/2023,05/12/2023,Tin VIP Bạc,31718110
"Dự án Melosa Garden, Đường Vành Đai Trong, Phường Phú Hữu, Quận 9, Hồ Chí Minh.",85 m²,"7,15 tỷ",,,3 tầng,Full nội thất.,Tây - Bắc,,28/11/2023,05/12/2023,Tin VIP Bạc,10879456
"Đường An Phú Đông 10, Phường An Phú Đông, Quận 12, Hồ Chí Minh",714 m²,"9,5 tỷ",,,,,,,28/11/2023,08/12/2023,Tin VIP Bạc,37100386
"Dự án Rivera Park Sài Gòn, Đường Thành Thái, Phường 14, Quận 10, Hồ Chí Minh",70 m²,"3,5 tỷ",2 phòng,2 phòng,,"Nội thất đầy đủ gồm: Máy lạnh trung tâm, bếp Malloca máy hút mùi, máy nước nóng Ferroli, toàn bộ căn hộ được trang bị nội thất cao cấp như thiết bị vệ sinh Bravat - Đức, tủ áo gỗ An Cường...",Đông,Hợp đồng mua bán.,28/11/2023,05/12/2023,Tin VIP Bạc,38655902
"Dự án The Era Town, Phường Phú Mỹ, Quận 7, Hồ Chí Minh",50 m²,"1,6 tỷ",,,,,,Hợp đồng mua bán,28/11/2023,13/12/2023,Tin VIP Bạc,38655570
"61/70/59, Đường Số 59, Phường 14, Gò Vấp, Hồ Chí Minh","66,8 m²","6,2 tỷ",,1 phòng,2 tầng,,Đông,Sổ đỏ/ Sổ hồng,28/11/2023,05/12/2023,Tin VIP Bạc,38655537
"Đường Quốc Lộ 13, Phường Hiệp Bình Phước, Thủ Đức, Hồ Chí Minh",100 m²,7 tỷ,,,,,Đông - Nam,Sổ đỏ/ Sổ hồng,28/11/2023,05/12/2023,Tin VIP Bạc,38651430
"Dự án KDC Kiến Á, Đường D12, Phường Phước Long B, Quận 9, Hồ Chí Minh",200 m²,"24,7 tỷ",8 phòng,,3 tầng,,Đông - Nam,,28/11/2023,13/12/2023,Tin VIP Bạc,38650400
"Dự án Park Legend, Đường Hoàng Văn Thụ, Tân Bình, Hồ Chí Minh",88 m²,"6,7 tỷ",3 phòng,2 phòng,,"Nội thất mới đẹp, hiện đại sang trọng",Tây,,28/11/2023,13/12/2023,Tin VIP Bạc,38655390
"Dự án Làng Đại Học ABC, Đường Trần Thị Liền, Xã Phước Kiển, Nhà Bè, Hồ Chí Minh",200 m²,"18,5 tỷ",5 phòng,5 phòng,3 tầng,Đầy đủ.,Bắc,Sổ đỏ/ Sổ hồng.,28/11/2023,05/12/2023,Tin VIP Bạc,38655362
"Dự án The Estella, Đường Xa Lộ Hà Nội, Phường An Phú, Quận 2, Hồ Chí Minh",171 m²,"11,8 tỷ",4 phòng,4 phòng,,Cơ bản,,Sổ đỏ/ Sổ hồng,28/11/2023,05/12/2023,Tin VIP Bạc,35670543
"Dự án Diamond Riverside, Đường Võ Văn Kiệt, Phường 16, Quận 8, Hồ Chí Minh",73 m²,"2,39 tỷ",2 phòng,2 phòng,,Đầy đủ,Đông - Nam,Hợp đồng mua bán,27/11/2023,04/12/2023,Tin VIP Bạc,38289115
"Dự án Sunrise City View, Đường Nguyễn Hữu Thọ, Phường Tân Hưng, Quận 7, Hồ Chí Minh",76 m²,"3,75 tỷ",2 phòng,2 phòng,,Đầy đủ,Đông,Sổ đỏ/ Sổ hồng,28/11/2023,08/12/2023,Tin VIP Bạc,36537727
"Dự án An Phú An Khánh, Phường An Phú, Quận 2, Hồ Chí Minh",320 m²,81 tỷ,4 phòng,,3 tầng,,,Sổ đỏ/ Sổ hồng,28/11/2023,05/12/2023,Tin VIP Bạc,37819523
"Dự án Lavita Charm, Đường 1, Phường Trường Thọ, Thủ Đức, Hồ Chí Minh",68 m²,"2,7 tỷ",2 phòng,2 phòng,,,,,30/11/2023,07/12/2023,Tin VIP Bạc,32364537
"Dự án Lavita Charm, Đường 1, Phường Trường Thọ, Thủ Đức, Hồ Chí Minh",52 m²,"1,85 tỷ",1 phòng,1 phòng,,,,,26/11/2023,03/12/2023,Tin VIP Bạc,30514776
"144//, Đường 6, Phường Bình Hưng Hòa B, Bình Tân, Hồ Chí Minh",80 m²,5 tỷ,5 phòng,,4 tầng,,,Sổ hồng,28/11/2023,05/12/2023,Tin VIP Bạc,36808353
"Đường Phan Xích Long, Phường 7, Phú Nhuận, Hồ Chí Minh",130 m²,"15,5 tỷ",,,5 tầng,,,Sổ đỏ/ Sổ hồng,28/11/2023,05/12/2023,Tin VIP Bạc,38636540
"Dự án Citi Home, Phường Cát Lái, Quận 2, Hồ Chí Minh",65 m²,"1,78 tỷ",2 phòng,2 phòng,,Dầy đủ,,,28/11/2023,05/12/2023,Tin VIP Bạc,38448199
"Đường An Phú Tây - Hưng Long, Xã An Phú Tây, Bình Chánh, Hồ Chí Minh",107 m²,Thỏa thuận,,,,,,"Sổ hồng riêng, thổ cư 100%",28/11/2023,05/12/2023,Tin VIP Bạc,38654998
"468, Đường Phan Văn Trị, Phường 7, Gò Vấp, Hồ Chí Minh",80 m²,"3,3 tỷ",2 phòng,2 phòng,,Đầy đủ,Nam,Hợp đồng mua bán,28/11/2023,08/12/2023,Tin VIP Bạc,38654623
"Đường Đặng Thùy Trâm, Phường 13, Bình Thạnh, Hồ Chí Minh",105 m²,Thỏa thuận,,,,,,Sổ đỏ/ Sổ hồng,24/11/2023,01/12/2023,Tin thường,38629655
"Dự án Masteri An Phú, Đường Xa Lộ Hà Nội, Phường Thảo Điền, Quận 2, Hồ Chí Minh",74 m²,"4,4 tỷ",2 phòng,2 phòng,,Đầy đủ,,Sổ đỏ/ Sổ hồng,28/11/2023,05/12/2023,Tin VIP Bạc,38654804
"Đường 3/2, Phường 12, Quận 10, Hồ Chí Minh",108 m²,"15,5 tỷ",,,3 tầng,,,Sổ đỏ/ Sổ hồng,28/11/2023,05/12/2023,Tin VIP Bạc,38401345
"Số 6A, Đường 10, Phường Bình An, Quận 2, Hồ Chí Minh",300 m²,45 tỷ,,,,,,Số 6A,28/11/2023,08/12/2023,Tin VIP Bạc,36320740
"Dự án The River Thủ Thiêm, Đường Nguyễn Cơ Thạch, Phường An Khánh, Quận 2, Hồ Chí Minh.",295 m²,60 tỷ,4 phòng,4 phòng,,Đầy đủ,,Sổ đỏ/ Sổ hồng,28/11/2023,05/12/2023,Tin VIP Bạc,38654687
"Dự án Lovera Vista, Đường Số 19, Xã Phong Phú, Bình Chánh, Hồ Chí Minh",65 m²,"1,93 tỷ",2 phòng,2 phòng,,Cơ bản.,,Sổ đỏ/ Sổ hồng.,28/11/2023,05/12/2023,Tin VIP Bạc,38654661
"Dự án Căn hộ Hausneo, Đường Đỗ Xuân Hợp, Phường Phú Hữu, Quận 9, Hồ Chí Minh",72 m²,"2,4 tỷ",2 phòng,1 phòng,,Đầy đủ,,Sổ đỏ/ Sổ hồng,28/11/2023,05/12/2023,Tin VIP Bạc,38408476
"Dự án Camellia Garden, Đường Nguyễn Văn Linh, Xã Bình Hưng, Bình Chánh, Hồ Chí Minh",74 m²,"6,8 tỷ",3 phòng,3 phòng,2 tầng,Cơ bản,,Hợp đồng mua bán,28/11/2023,05/12/2023,Tin VIP Bạc,38258973
"Dự án Zeit River Thủ Thiêm , Phường Thủ Thiêm, Quận 2, Hồ Chí Minh","125,8 m²","19,31 tỷ",3 phòng,4 phòng,,Cơ bản,,Hợp đồng mua bán,28/11/2023,13/12/2023,Tin VIP Bạc,38654538
"Dự án Vinhomes Central Park, Điện Biên Phủ, phường 22, Quận Bình Thạnh, Hồ Chí Minh",86 m²,"6,7 tỷ",2 phòng,2 phòng,,Đầy đủ,,Sổ đỏ/ Sổ hồng,23/11/2023,30/11/2023,Tin thường,38621918
"Dự án Vista Verde, Đường Phan Văn Đáng, Phường Thạnh Mỹ Lợi, Quận 2, Hồ Chí Minh.",306 m²,20 tỷ,4 phòng,,,Đầy đủ.,,Hợp đồng mua bán.,28/11/2023,05/12/2023,Tin VIP Bạc,38277470
"Dự án The Vista An Phú, Đường Xa Lộ Hà Nội, Phường An Phú, Quận 2, Hồ Chí Minh",135 m²,Thỏa thuận,3 phòng,,,,,,28/11/2023,05/12/2023,Tin VIP Bạc,22230729
"Dự án De La Sol, Đường Tôn Thất Thuyết, Phường 1, Quận 4, Hồ Chí Minh",82 m²,"6,2 tỷ",2 phòng,2 phòng,,Cơ bản,Đông - Nam,,28/11/2023,05/12/2023,Tin VIP Bạc,38535368
"Đường Số 15, Phường Tân Quy, Quận 7, Hồ Chí Minh","70,7 m²","13,9 tỷ",3 phòng,3 phòng,3 tầng,Đầy đủ,Bắc,Sổ đỏ/ Sổ hồng,28/11/2023,05/12/2023,Tin VIP Bạc,38143739
"Đường Lâm Văn Bền, Phường Tân Kiểng, Quận 7, Hồ Chí Minh",192 m²,60 tỷ,,,,,,,28/11/2023,05/12/2023,Tin VIP Bạc,38654160
"Dự án The River Thủ Thiêm, Đường Nguyễn Cơ Thạch, Phường An Khánh, Quận 2, Hồ Chí Minh",202 m²,40 tỷ,4 phòng,3 phòng,,Đầy đủ,,Sổ đỏ/ Sổ hồng,28/11/2023,08/12/2023,Tin VIP Bạc,37948095
"Đường Nguyễn Đình Chiểu, Phường Đa Kao, Quận 1, Hồ Chí Minh","312,3 m²",300 tỷ,,,,,,,24/11/2023,01/12/2023,Tin thường,38628577
"Đường Nguyễn Minh Châu, Phường Phú Trung, Tân Phú, Hồ Chí Minh",24 m²,"2,5 tỷ",2 phòng,2 phòng,2 tầng,,Bắc,Sổ đỏ/ Sổ hồng,28/11/2023,05/12/2023,Tin VIP Bạc,38602473
"Dự án The Gold View, Đường Bến Vân Đồn, Phường 1, Quận 4, Hồ Chí Minh",80 m²,"4,05 tỷ",2 phòng,2 phòng,,Đủ nội thất.,,Hợp đồng mua bán,20/11/2023,05/12/2023,Tin VIP Bạc,38596425
"575, Đường Điện Biên Phủ, Phường 1, Quận 3, Hồ Chí Minh",100 m²,18 tỷ,4 phòng,3 phòng,3 tầng,Đầy đủ,Đông - Nam,Sổ đỏ/ Sổ hồng,28/11/2023,13/12/2023,Tin VIP Bạc,38653506
"Dự án Him Lam Chợ Lớn, Đường Hậu Giang, Phường 11, Quận 6, Hồ Chí Minh",86 m²,"3,1 tỷ",2 phòng,,,,,,28/11/2023,05/12/2023,Tin VIP Bạc,38653600
"Đường Mạc Đĩnh Chi, Phường Đa Kao, Quận 1, Hồ Chí Minh",153 m²,90 tỷ,,,4 tầng,Đầy đủ,,Sổ đỏ/ Sổ hồng,28/11/2023,05/12/2023,Tin VIP Bạc,38653446
"Đường Nguyễn Trãi, Phường Bến Thành, Quận 1, Hồ Chí Minh",90 m²,52 tỷ,,,4 tầng,,,,28/11/2023,05/12/2023,Tin VIP Bạc,38555899
"Dự án Citi Alto, Đường Nguyễn Thị Định, Phường Cát Lái, Quận 2, Hồ Chí Minh",52 m²,"1,69 tỷ",2 phòng,2 phòng,,Cơ bản.,,Sổ đỏ/ Sổ hồng.,28/11/2023,05/12/2023,Tin VIP Bạc,38645830
"Dự án Saigon South Residences, Đường Nguyễn Hữu Thọ, Xã Phước Kiển, Nhà Bè, Hồ Chí Minh",71 m²,41 triệu/m²,2 phòng,2 phòng,,,,,20/11/2023,05/12/2023,Tin VIP Bạc,23091545
"Đường Hoàng Bật Đạt, Phường 15, Tân Bình, Hồ Chí Minh",50 m²,"6,2 tỷ",4 phòng,5 phòng,4 tầng,Cao cấp đầy đủ,Bắc,Đã có sổ Hồng hoàn công,28/11/2023,05/12/2023,Tin VIP Bạc,38653169
"Đường Âu Cơ, Phường 14, Tân Bình, Hồ Chí Minh",110 m²,45 tỷ,,,8 tầng,Đầy đủ,,Sổ đỏ/ Sổ hồng,28/11/2023,05/12/2023,Tin VIP Bạc,38653159
"Đường Nguyễn Ảnh Thủ, Phường Hiệp Thành, Quận 12, Hồ Chí Minh",50 m²,"4,7 tỷ",2 phòng,2 phòng,1 tầng,,,Sổ đỏ/ Sổ hồng,28/11/2023,05/12/2023,Tin VIP Bạc,38651599
"Đường Trường Chinh, Phường Tây Thạnh, Tân Phú, Hồ Chí Minh",45 m²,"3,5 tỷ",2 phòng,2 phòng,1 tầng,,Đông - Nam,Sổ đỏ/ Sổ hồng,28/11/2023,05/12/2023,Tin VIP Bạc,38517012
"Đường Nam Kỳ Khởi Nghĩa, Phường 7, Quận 3, Hồ Chí Minh",153 m²,92 tỷ,,,2 tầng,Đầy đủ,,Sổ đỏ/ Sổ hồng,28/11/2023,05/12/2023,Tin VIP Bạc,38653043
"Đường Võ Văn Tần, Phường 5, Quận 3, Hồ Chí Minh",286 m²,70 tỷ,,,,,,Sổ đỏ/ Sổ hồng,28/11/2023,05/12/2023,Tin VIP Bạc,38369298
"Hẻm 174, Đường Lê Văn Lương, Phường Tân Hưng, Quận 7, Hồ Chí Minh","38,5 m²","3,5 tỷ",,,1 tầng,,Bắc,Sổ đỏ/ Sổ hồng,28/11/2023,05/12/2023,Tin VIP Bạc,38652897
"Đường Nguyễn Ảnh Thủ, Phường Hiệp Thành, Quận 12, Hồ Chí Minh","55,5 m²","3,28 tỷ",4 phòng,3 phòng,3 tầng,Cơ bản,,Sổ đỏ/ Sổ hồng,28/11/2023,05/12/2023,Tin VIP Bạc,38346735
"Đường Cống Quỳnh, Phường Nguyễn Cư Trinh, Quận 1, Hồ Chí Minh",56 m²,16 tỷ,3 phòng,2 phòng,2 tầng,Cơ bản,,Sổ đỏ/ Sổ hồng,28/11/2023,13/12/2023,Tin VIP Bạc,37137513
"Đường Võ Văn Tần, Phường 6, Quận 3, Hồ Chí Minh",900 m²,360 tỷ,,,3 tầng,,,,28/11/2023,08/12/2023,Tin VIP Bạc,38465630
"Đường Cao Thắng, Phường 3, Quận 3, Hồ Chí Minh",252 m²,100 tỷ,,,4 tầng,,,,28/11/2023,05/12/2023,Tin VIP Bạc,37667624
"Đường Nguyễn Đình Chiểu, Phường Đa Kao, Quận 1, Hồ Chí Minh.",1.250 m²,600 tỷ,,,,,,,28/11/2023,05/12/2023,Tin VIP Bạc,37952856
"Dự án Safira Khang Điền, Đường Võ Chí Công, Phường Phú Hữu, Quận 9, Hồ Chí Minh",68 m²,"2,58 tỷ",2 phòng,2 phòng,,,,Sổ đỏ/ Sổ hồng,28/11/2023,05/12/2023,Tin VIP Bạc,37687096
"Đường 43, Phường Thảo Điền, Quận 2, Hồ Chí Minh",230 m²,37 tỷ,,,,,,Sổ đỏ/ Sổ hồng,28/11/2023,05/12/2023,Tin VIP Bạc,37745636
"Đường Hiệp Thành 7, Phường Hiệp Thành, Quận 12, Hồ Chí Minh",30 m²,"1,45 tỷ",2 phòng,2 phòng,1 tầng,Cơ bản,,Hợp đồng mua bán,28/11/2023,05/12/2023,Tin VIP Bạc,38652582
"Dự án Vinhomes Central Park, Đường Điện Biên Phủ, Phường 22, Bình Thạnh, Hồ Chí Minh",50 m²,"3,1 tỷ",1 phòng,1 phòng,,Đầy đủ,Tây - Nam,Sổ đỏ/ Sổ hồng,22/11/2023,07/12/2023,Tin VIP Bạc,37992216
"Dự án Vinhomes Central Park, Đường Điện Biên Phủ, Phường 22, Bình Thạnh, Hồ Chí Minh",100 m²,"7,8 tỷ",3 phòng,2 phòng,,,Đông - Bắc,Sổ đỏ/ Sổ hồng,22/11/2023,07/12/2023,Tin VIP Bạc,36990506
"Đường Nguyễn Tư Giản, Phường 12, Gò Vấp, Hồ Chí Minh",64 m²,"8,2 tỷ",4 phòng,6 phòng,5 tầng,,,,27/11/2023,04/12/2023,Tin VIP Bạc,38565216
"Dự án Akari City Nam Long, 77 Đường Võ Văn Kiệt, Phường An Lạc, Bình Tân, Hồ Chí Minh",56 m²,"2,4 tỷ",2 phòng,1 phòng,,Full nội thất cơ bản,Nam,Hợp đồng mua bán,28/11/2023,05/12/2023,Tin VIP Bạc,35024621
"Dự án Midtown Phú Mỹ Hưng, Phường Tân Phú, Quận 7, Hồ Chí Minh",90 m²,"6,5 tỷ",2 phòng,2 phòng,,,,,27/11/2023,04/12/2023,Tin VIP Bạc,38651990
"Phường Tăng Nhơn Phú A, Quận 9, Hồ Chí Minh",132 m²,"8,5 tỷ",4 phòng,2 phòng,2 tầng,Đầy đủ,,Sổ đỏ/ Sổ hồng,27/11/2023,04/12/2023,Tin VIP Bạc,38651448
"Dự án Sài Gòn Gateway, Đường Xa Lộ Hà Nội, Phường Hiệp Phú, Quận 9, Hồ Chí Minh",67 m²,"1,8 tỷ",2 phòng,2 phòng,,,,,27/11/2023,04/12/2023,Tin VIP Bạc,24750253
"Phường Hiệp Bình Chánh, Thủ Đức, Hồ Chí Minh",78 m²,7 tỷ,3 phòng,3 phòng,4 tầng,Đầy đủ,,Sổ đỏ/ Sổ hồng,27/11/2023,04/12/2023,Tin VIP Bạc,38376851
"Đường 38, Phường Hiệp Bình Chánh, Thủ Đức, Hồ Chí Minh","58,8 m²","5,5 tỷ",3 phòng,3 phòng,2 tầng,Không nội thất,Bắc,Đang chờ sổ,27/11/2023,04/12/2023,Tin VIP Bạc,38651317
"Dự án Thiên Lý, Đường Dương Đình Hội, Phường Phước Long B, Quận 9, Hồ Chí Minh",96 m²,"5,4 tỷ",,,,,Tây - Bắc,Sổ đỏ/ sổ hồng.,27/11/2023,12/12/2023,Tin VIP Bạc,38120716
"Dự án The Privia, Đường An Dương Vương, Phường An Lạc, Bình Tân, Hồ Chí Minh","67,59 m²","3,2 tỷ",3 phòng,2 phòng,,Cơ bản,,Hợp đồng mua bán,27/11/2023,04/12/2023,Tin VIP Bạc,38651227
"Đường Cách Mạng Tháng Tám, Phường 10, Quận 3, Hồ Chí Minh",189 m²,56 tỷ,12 phòng,12 phòng,9 tầng,,,Sổ đỏ/ Sổ hồng,27/11/2023,07/12/2023,Tin VIP Bạc,38651194
"Đường Nguyễn Cửu Phú, Xã Tân Kiên, Bình Chánh, Hồ Chí Minh",100 m²,Thỏa thuận,,,,,,"Sổ hồng riêng, thổ cư 100%",27/11/2023,04/12/2023,Tin VIP Bạc,38651160
"Đường Nam Kỳ Khởi Nghĩa, Phường Võ Thị Sáu, Quận 3, Hồ Chí Minh",336 m²,119 tỷ,22 phòng,22 phòng,24 tầng,,,Sổ đỏ/ Sổ hồng,27/11/2023,07/12/2023,Tin VIP Bạc,38651153
"Đường 234, Xã Tân Quý Tây, Bình Chánh, Hồ Chí Minh",107 m²,Thỏa thuận,,,,,,"Sổ hồng riêng, thổ cư 100%",27/11/2023,04/12/2023,Tin VIP Bạc,38651152
"Đường Bầu Gốc, Xã Tân Kiên, Bình Chánh, Hồ Chí Minh",100 m²,Thỏa thuận,,,,,,Sổ hồng riêng,27/11/2023,12/12/2023,Tin VIP Bạc,38651064
"Đường Ấp 6, Xã Hưng Long, Bình Chánh, Hồ Chí Minh",110 m²,Thỏa thuận,,,,,,Sổ hồng riêng,27/11/2023,04/12/2023,Tin VIP Bạc,38651082
"Đường  Bà Triệu, Thị trấn Hóc Môn, Hóc Môn, Hồ Chí Minh",105 m²,Thỏa thuận,,,,,,Sổ hồng riêng,27/11/2023,04/12/2023,Tin VIP Bạc,38651079
"Đường Thạnh Xuân 52, Phường Thạnh Xuân, Quận 12, Hồ Chí Minh",100 m²,Thỏa thuận,,,,,,Sổ hồng riêng,27/11/2023,04/12/2023,Tin VIP Bạc,38651073
"Đường Chánh Hưng, Xã Phú Xuân, Nhà Bè, Hồ Chí Minh",100 m²,Thỏa thuận,,,,,,Sổ hồng riêng.,25/11/2023,02/12/2023,Tin thường,38639980
"Dự án Sài Gòn Gateway, Đường Xa Lộ Hà Nội, Phường Hiệp Phú, Quận 9, Hồ Chí Minh",57 m²,"1,7 tỷ",2 phòng,1 phòng,,,,,23/11/2023,03/12/2023,Tin VIP Bạc,27757454
"Dự án KĐT Vạn Phúc City, Đường Quốc Lộ 13, Phường Hiệp Bình Phước, Thủ Đức, Hồ Chí Minh",140 m²,24 tỷ,,,,,,Sổ hồng,27/11/2023,04/12/2023,Tin VIP Bạc,38650949
"Dự án Lê Thành, Đường An Dương Vương, Phường An Lạc, Bình Tân, Hồ Chí Minh",50 m²,"1,35 tỷ",1 phòng,1 phòng,,Không nội thất,Nam,Sổ đỏ/ Sổ hồng,27/11/2023,04/12/2023,Tin VIP Bạc,38650872
"Đường Ung Văn Khiêm, Phường 25, Bình Thạnh, Hồ Chí Minh",1.000 m²,92 tỷ,,,,,,Sổ đỏ/ Sổ hồng,27/11/2023,04/12/2023,Tin VIP Bạc,38650846
"592, Đường Lạc Long Quân, Phường 5, Quận 11, Hồ Chí Minh","61,5 m²","19,3 tỷ",5 phòng,5 phòng,4 tầng,Đầy đủ,Bắc,Sổ đỏ/ Sổ hồng,27/11/2023,12/12/2023,Tin VIP Bạc,38650832
"Xã Tân An Hội, Củ Chi, Hồ Chí Minh","685,8 m²","3,5 tỷ",,,,,,Sổ đỏ/ Sổ hồng,27/11/2023,04/12/2023,Tin VIP Bạc,38650783
"Đường Thích Quảng Đức, Phường 4, Phú Nhuận, Hồ Chí Minh","36,8 m²","7,55 tỷ",10 phòng,11 phòng,3 tầng,,,,27/11/2023,04/12/2023,Tin VIP Bạc,38553852
"Dự án KDC Phú Mỹ, Đường Hoàng Quốc Việt, Phường Phú Mỹ, Quận 7, Hồ Chí Minh",126 m²,"20,8 tỷ",4 phòng,4 phòng,3 tầng,Đầy đủ,Nam,Sổ đỏ/ Sổ hồng,27/11/2023,12/12/2023,Tin VIP Bạc,38650708
"Dự án The Horizon Phú Mỹ Hưng, Đường Trần Văn Trà, Phường Tân Phú, Quận 7, Hồ Chí Minh",121 m²,Thỏa thuận,3 phòng,2 phòng,,,Tây - Bắc,,27/11/2023,04/12/2023,Tin VIP Bạc,38413345
"Đường Lê Trọng Tấn, Phường Bình Hưng Hòa, Bình Tân, Hồ Chí Minh",40 m²,"2,7 tỷ",4 phòng,3 phòng,2 tầng,Đầy đủ,,Sổ đỏ/ Sổ hồng,27/11/2023,04/12/2023,Tin VIP Bạc,37848546
"Dự án Vinhomes Central Park, Điện Biên Phủ, Phường 22, Quận Bình Thạnh, Hồ Chí Minh",51 m²,"3,85 tỷ",1 phòng,1 phòng,,Cơ bản,,Sổ đỏ/ Sổ hồng,24/11/2023,01/12/2023,Tin thường,38631491
"Dự án The River Thủ Thiêm, Đường Nguyễn Cơ Thạch, Phường An Khánh, Quận 2, Hồ Chí Minh",140 m²,"14,5 tỷ",3 phòng,2 phòng,,Cơ bản,Đông - Bắc,Đang chờ sổ,27/11/2023,07/12/2023,Tin VIP Bạc,37725356
"Dự án Empire City Thủ Thiêm, Đường Mai Chí Thọ, Phường Thủ Thiêm, Quận 2, Hồ Chí Minh","83,66 m²","10,38 tỷ",2 phòng,2 phòng,,Cơ bản,,Hợp đồng mua bán,27/11/2023,07/12/2023,Tin VIP Bạc,38582032
"Dự án Chung cư Phú Đạt, 45 Đường D5, Phường 25, Bình Thạnh, Hồ Chí Minh","110,5 m²","5,1 tỷ",3 phòng,2 phòng,,Cơ bản,,Sổ đỏ/ Sổ hồng,27/11/2023,12/12/2023,Tin VIP Bạc,38650319
"Số 114/151, Đường Tô Ngọc Vân, Phường 15, Gò Vấp, Hồ Chí Minh",114 m²,"4,55 tỷ",3 phòng,3 phòng,2 tầng,,,Sổ đỏ/ Sổ hồng,27/11/2023,04/12/2023,Tin VIP Bạc,38650287
"Đường Số 37, Phường Bình Thuận, Quận 7, Hồ Chí Minh",376 m²,"35,72 tỷ",,,,,,,27/11/2023,04/12/2023,Tin VIP Bạc,38650286
"M-One Nam Sài Gòn, Số 35/12, Đường Bế Văn Cấm, Phường Tân Kiểng, Quận 7, Hồ Chí Minh",33 m²,"1,5 tỷ",1 phòng,1 phòng,,,,,27/11/2023,07/12/2023,Tin VIP Bạc,35140046
"Dự án One Verandah Mapletree, Đường Bát Nàn, Phường  Thạnh Mỹ Lợi, Quận 2, Hồ Chí Minh",82 m²,"5,41 tỷ",2 phòng,2 phòng,,Đầy đủ,Đông,Hợp đồng mua bán,27/11/2023,07/12/2023,Tin VIP Bạc,38649888
"Dự án Empire City Thủ Thiêm, Đường Mai Chí Thọ, Phường Thủ Thiêm, Quận 2, Hồ Chí Minh","140,5 m²",20 tỷ,3 phòng,2 phòng,,Cơ bản,,Hợp đồng mua bán,27/11/2023,07/12/2023,Tin VIP Bạc,38581374
"Dự án Lovera Vista, Đường Trịnh Quang Nghị, Xã Phong Phú, Bình Chánh, Hồ Chí Minh",52 m²,"1,65 tỷ",1 phòng,1 phòng,,Đầy đủ,,Sổ đỏ/ Sổ hồng,27/11/2023,04/12/2023,Tin VIP Bạc,38638927
"Đường Cách Mạng Tháng Tám, Phường 11, Quận 3, Hồ Chí Minh",300 m²,170 tỷ,,,10 tầng,,,,27/11/2023,04/12/2023,Tin VIP Bạc,37772887
"Phường Tân Chánh Hiệp, Quận 12, Hồ Chí Minh","57,6 m²","2,7 tỷ",,,,,,,27/11/2023,12/12/2023,Tin VIP Bạc,37351410
"Dự án Vinhomes Central Park, Đường Điện Biên Phủ, Phường 22, Bình Thạnh, Hồ Chí Minh",126 m²,"13,6 tỷ",3 phòng,3 phòng,,Đầy đủ,Đông - Bắc,Sổ đỏ/ Sổ hồng,27/11/2023,04/12/2023,Tin VIP Bạc,38534445
"Dự án Sài Gòn Gateway, Đường Xa Lộ Hà Nội, Phường Hiệp Phú, Quận 9, Hồ Chí Minh",65 m²,"1,83 tỷ",2 phòng,1 phòng,,Cơ bản,,Hợp đồng mua bán,27/11/2023,04/12/2023,Tin VIP Bạc,36565691
"Đường Nguyễn Thị Thập, Phường Tân Quy, Quận 7, Hồ Chí Minh",628 m²,75 tỷ,,,,,,Sổ đỏ/ Sổ hồng,27/11/2023,04/12/2023,Tin VIP Bạc,38649466
"Dự án Him Lam Chợ Lớn, Đường Hậu Giang, Phường 11, Quận 6, Hồ Chí Minh",86 m²,"2,9 tỷ",2 phòng,2 phòng,,Đầy đủ,Nam,Sổ đỏ/ Sổ hồng,27/11/2023,04/12/2023,Tin VIP Bạc,38430215
"Dự án Vista Verde, Đường Phan Văn Đáng, Phường  Thạnh Mỹ Lợi, Quận 2, Hồ Chí Minh",82 m²,5 tỷ,2 phòng,2 phòng,,Đầy đủ,,Sổ đỏ/ Sổ hồng,27/11/2023,04/12/2023,Tin VIP Bạc,38497463
"Đường  Nguyễn Thiện Thuật, Phường 4, Quận 3, Hồ Chí Minh",150 m²,55 tỷ,,,2 tầng,,,,27/11/2023,04/12/2023,Tin VIP Bạc,38649104
"Đường Trần Nhật Duật, Phường Tân Định, Quận 1, Hồ Chí Minh",72 m²,"32,9 tỷ",,,5 tầng,Đầy đủ,,Sổ đỏ/ Sổ hồng,27/11/2023,04/12/2023,Tin VIP Bạc,38649101
"Dự án Q7 Saigon Riverside, Đường Đào Trí, Phường Phú Thuận, Quận 7, Hồ Chí Minh",86 m²,"3,65 tỷ",3 phòng,2 phòng,,Cơ bản,,Hợp đồng mua bán,27/11/2023,07/12/2023,Tin VIP Bạc,38414027
"Dự án Lavita Garden, Đường 3, Phường Trường Thọ, Thủ Đức, Hồ Chí Minh",68 m²,"2,35 tỷ",2 phòng,2 phòng,,,,,26/11/2023,03/12/2023,Tin VIP Bạc,28937177
"Đường Phan Huy Ích, Phường 15, Tân Bình, Hồ Chí Minh",34 m²,"2,6 tỷ",2 phòng,2 phòng,1 tầng,Không nội thất,,Sổ đỏ/ Sổ hồng,27/11/2023,04/12/2023,Tin VIP Bạc,38648912
"481/9A, Đường Đoàn Văn Bơ, Phường 13, Quận 4, Hồ Chí Minh","18,6 m²","2,25 tỷ",3 phòng,2 phòng,4 tầng,,,,27/11/2023,07/12/2023,Tin VIP Bạc,38648909
"Số 15/1, Đường 13, Phường Bình An, Quận 2, Hồ Chí Minh",256 m²,105 triệu/m²,,,,,,,27/11/2023,07/12/2023,Tin VIP Bạc,38648907
"49D, Đường Số 18, Phường Linh Trung, Thủ Đức, Hồ Chí Minh",107 m²,"5,5 tỷ",,,,,,,27/11/2023,07/12/2023,Tin VIP Bạc,38648905
"Dự án Vinhomes Central Park, Đường Điện Biên Phủ, Phường 22, Bình Thạnh, Hồ Chí Minh",83 m²,"5,1 tỷ",2 phòng,2 phòng,,,,,18/11/2023,03/12/2023,Tin VIP Bạc,36345893
"Dự án Vinhomes Central Park, Đường Điện Biên Phủ, Phường 22, Bình Thạnh, Hồ Chí Minh",120 m²,"8,1 tỷ",3 phòng,2 phòng,,,,,18/11/2023,03/12/2023,Tin VIP Bạc,36345826
"Dự án KĐT Vạn Phúc City, Đường Quốc Lộ 13, Phường Hiệp Bình Phước, Thủ Đức, Hồ Chí Minh",100 m²,"22,9 tỷ",6 phòng,6 phòng,6 tầng,Đầy đủ,,Sổ đỏ/ Sổ hồng,27/11/2023,04/12/2023,Tin VIP Bạc,38517286
"Dự án Midtown Phú Mỹ Hưng, Phường Tân Phú, Quận 7, Hồ Chí Minh",91 m²,"4,7 tỷ",2 phòng,,,,,Sổ đỏ/ Sổ hồng,27/11/2023,04/12/2023,Tin VIP Bạc,38585105
"Dự án Topaz City, Đường Cao Lỗ, Phường 4, Quận 8, Hồ Chí Minh",74 m²,"2,1 tỷ",2 phòng,2 phòng,,Cơ bản.,Tây - Bắc,Đang chờ sổ.,27/11/2023,04/12/2023,Tin VIP Bạc,38539814
"Dự án Lavita Garden, Đường 3, Phường Trường Thọ, Thủ Đức, Hồ Chí Minh",69 m²,"2,44 tỷ",2 phòng,2 phòng,,Đầy đủ,Tây - Bắc,Đang chờ sổ,27/11/2023,04/12/2023,Tin VIP Bạc,38488576
"Đường Hiệp Thành 35, Phường Hiệp Thành, Quận 12, Hồ Chí Minh",48 m²,"3,85 tỷ",2 phòng,2 phòng,2 tầng,,Tây - Bắc,Sổ đỏ/ Sổ hồng,27/11/2023,07/12/2023,Tin VIP Bạc,38559854
"Dự án Thạnh Mỹ Lợi, Đường Nguyễn An, Phường  Thạnh Mỹ Lợi, Quận 2, Hồ Chí Minh",300 m²,350 triệu/m²,,,,,,Sổ đỏ/ Sổ hồng,27/11/2023,04/12/2023,Tin VIP Bạc,38648081
"Số 52, Đường 9, Phường Linh Trung, Thủ Đức, Hồ Chí Minh",132 m²,"13,2 tỷ",3 phòng,2 phòng,2 tầng,,,,27/11/2023,04/12/2023,Tin VIP Bạc,38648050
"Dự án Eco Green Sài Gòn, 107 Đường Nguyễn Văn Linh, Phường Tân Thuận Tây, Quận 7, Hồ Chí Minh",95 m²,"5,4 tỷ",3 phòng,2 phòng,,,,,27/11/2023,04/12/2023,Tin VIP Bạc,38423850
"Đường Quốc Lộ 13, Phường Hiệp Bình Phước, Thủ Đức, Hồ Chí Minh",375 m²,"10,1 tỷ",,,,,Tây - Bắc,Sổ đỏ/ Sổ hồng,27/11/2023,04/12/2023,Tin VIP Bạc,38647870
"Đường Số 5, Phường Bình Trưng Tây, Quận 2, Hồ Chí Minh",50 m²,"4,15 tỷ",2 phòng,3 phòng,1 tầng,Đầy đủ.,Đông,Sổ đỏ/ Sổ hồng,27/11/2023,07/12/2023,Tin VIP Bạc,38647821
"Đường Nhuận Đức, Xã Nhuận Đức, Củ Chi, Hồ Chí Minh",200 m²,Thỏa thuận,,,,,,Sổ đỏ/ Sổ hồng,27/11/2023,04/12/2023,Tin VIP Bạc,38647760
"Dự án De La Sol, Đường Tôn Thất Thuyết, Phường 1, Quận 4, Hồ Chí Minh",70 m²,"5,2 tỷ",2 phòng,2 phòng,,Cơ bản,,Hợp đồng mua bán,27/11/2023,04/12/2023,Tin VIP Bạc,36573899
"Dự án The Era Town, Đường 15B, Phường Phú Mỹ, Quận 7, Hồ Chí Minh",59 m²,"1,65 tỷ",1 phòng,1 phòng,,,,Sổ đỏ/ Sổ hồng.,16/11/2023,01/12/2023,Tin thường,38566857
"Dự án The Privia, Đường An Dương Vương, Phường An Lạc, Bình Tân, Hồ Chí Minh","51,53 m²","2,83 tỷ",1 phòng,1 phòng,,Cơ bản,Tây,Hợp đồng mua bán,27/11/2023,04/12/2023,Tin VIP Bạc,38647394
"Dự án Res Green Tower, Đường Thoại Ngọc Hầu, Phường Hòa Thạnh, Tân Phú, Hồ Chí Minh",84 m²,"3,8 tỷ",3 phòng,2 phòng,,Không nội thất,,Sổ đỏ/ Sổ hồng,27/11/2023,04/12/2023,Tin VIP Bạc,38647365
"Akari City Nam Long, Số 77, Đường Võ Văn Kiệt, Phường An Lạc, Bình Tân, Hồ Chí Minh",65 m²,"3,1 tỷ",2 phòng,1 phòng,,,,Đang chờ sổ,27/11/2023,04/12/2023,Tin VIP Bạc,38645763
"Dự án Phú Hoàng Anh, Đường Nguyễn Hữu Thọ, Xã Phước Kiển, Nhà Bè, Hồ Chí Minh",129 m²,"2,8 tỷ",3 phòng,3 phòng,,,,Sổ đỏ/ Sổ hồng,27/11/2023,07/12/2023,Tin VIP Bạc,31824661
"Dự án Sunrise Riverside, Đường Nguyễn Hữu Thọ, Xã Phước Kiển, Nhà Bè, Hồ Chí Minh",70 m²,"2,8 tỷ",2 phòng,2 phòng,,Full nội thất.,,,27/11/2023,07/12/2023,Tin VIP Bạc,37977426
"Đường Đào Sư Tích, Xã Phước Lộc, Nhà Bè, Hồ Chí Minh",240 m²,"35,4 triệu/m²",4 phòng,2 phòng,1 tầng,Đầy đủ,Tây - Bắc,Sổ đỏ/ Sổ hồng,27/11/2023,04/12/2023,Tin VIP Bạc,38646845
"Dự án The Privia, Đường An Dương Vương, Phường An Lạc, Bình Tân, Hồ Chí Minh",68 m²,"3,2 tỷ",2 phòng,2 phòng,,,,,27/11/2023,04/12/2023,Tin VIP Bạc,38646471
"Đường Đống Đa, Phường 2, Tân Bình, Hồ Chí Minh",220 m²,65 tỷ,5 phòng,,4 tầng,,,Sổ đỏ/ Sổ hồng,27/11/2023,04/12/2023,Tin VIP Bạc,38646444
"Đường Đống Đa, Phường 2, Tân Bình, Hồ Chí Minh",220 m²,65 tỷ,5 phòng,,4 tầng,,,Sổ đỏ/ Sổ hồng,27/11/2023,04/12/2023,Tin VIP Bạc,38646444
"Đường Quốc lộ 1A, Phường An Phú Đông, Quận 12, Hồ Chí Minh",56 m²,"3,2 tỷ",,,,,,,27/11/2023,12/12/2023,Tin VIP Bạc,38646211
"Đường Ngô Gia Tự, Phường 2, Quận 10, Hồ Chí Minh",90 m²,30 tỷ,5 phòng,5 phòng,7 tầng,,,,27/11/2023,07/12/2023,Tin VIP Bạc,38646172
"Đường Hồ Văn Tắng, Xã Tân Phú Trung, Củ Chi, Hồ Chí Minh",340 m²,"7,2 tỷ",,,,,,Sổ đỏ/ Sổ hồng,27/11/2023,04/12/2023,Tin VIP Bạc,38646169
"Đường Nguyễn Thái Bình, Phường Nguyễn Thái Bình, Quận 1, Hồ Chí Minh",260 m²,160 tỷ,,,3 tầng,Đầy đủ,Tây - Bắc,Sổ đỏ/ Sổ hồng,27/11/2023,07/12/2023,Tin VIP Bạc,38400459
"Dự án Nam Long Trần Trọng Cung, Đường Số 8, Phường Tân Thuận Đông, Quận 7, Hồ Chí Minh",288 m²,38 tỷ,,,,,Tây - Nam,Sổ đỏ/ Sổ hồng,27/11/2023,07/12/2023,Tin VIP Bạc,38390442
"Dự án PiCity High Park, Đường Thạnh Xuân 13, Phường Thạnh Xuân, Quận 12, Hồ Chí Minh",58 m²,"2,07 tỷ",2 phòng,1 phòng,,Cơ bản.,Bắc,Hợp đồng mua bán.,27/11/2023,04/12/2023,Tin VIP Bạc,37957122
"Đường Nguyễn Thái Bình, Phường Nguyễn Thái Bình, Quận 1, Hồ Chí Minh",160 m²,115 tỷ,,,,,Tây - Bắc,Sổ đỏ/ Sổ hồng,27/11/2023,07/12/2023,Tin VIP Bạc,38474914
"Đường Thống Nhất, Phường 15, Gò Vấp, Hồ Chí Minh",72 m²,"9,5 tỷ",6 phòng,2 phòng,2 tầng,,Tây,Sổ đỏ/ Sổ hồng.,21/11/2023,01/12/2023,Tin thường,38459827
"Dự án The Western Capital, Đường Lý Chiêu Hoàng, Phường 10, Quận 6, Hồ Chí Minh",50 m²,"1,8 tỷ",2 phòng,1 phòng,,,Bắc,,27/11/2023,04/12/2023,Tin VIP Bạc,38526623
"Dự án Làng Đại Học ABC, Đường Nguyễn Hữu Thọ, Xã Phước Kiển, Nhà Bè, Hồ Chí Minh",200 m²,"18,5 tỷ",8 phòng,8 phòng,,,,Sổ đỏ/ Sổ hồng,27/11/2023,04/12/2023,Tin VIP Bạc,38585691
"Dự án CityLand Park Hills, Đường Phan Văn Trị, Phường 10, Gò Vấp, Hồ Chí Minh",100 m²,"29,5 tỷ",5 phòng,6 phòng,,,Đông,,27/11/2023,04/12/2023,Tin VIP Bạc,33714627
"Dự án Cityland Park Hills, Đường Phan Văn Trị, Phường 10, Gò Vấp, Hồ Chí Minh",210 m²,180 triệu/m²,4 phòng,5 phòng,4 tầng,,Đông,,27/11/2023,04/12/2023,Tin VIP Bạc,22099182
"Đường Tân Thới Hiệp 14, Phường Tân Thới Hiệp, Quận 12, Hồ Chí Minh",92 m²,"5,9 tỷ",2 phòng,2 phòng,1 tầng,Cơ bản,Đông - Nam,Sổ đỏ/ Sổ hồng,27/11/2023,04/12/2023,Tin VIP Bạc,38640033
"Dự án Osimi Tower, Đường Lê Đức Thọ, Phường 15, Gò Vấp, Hồ Chí Minh",68 m²,"2,73 tỷ",2 phòng,2 phòng,,Đầy đủ.,,,27/11/2023,07/12/2023,Tin VIP Bạc,38558687
"Hẻm 19, Đường Hồ Bá Phấn, Phường Phước Long A, Quận 9, Hồ Chí Minh",64 m²,"5,5 tỷ",,,,,,,27/11/2023,07/12/2023,Tin VIP Bạc,35969361
"Đường Tỉnh Lộ 10, Phường Bình Trị Đông, Bình Tân, Hồ Chí Minh",60 m²,"6,5 tỷ",,5 phòng,4 tầng,Đầy đủ,,Sổ đỏ/ Sổ hồng,27/11/2023,07/12/2023,Tin VIP Bạc,38351563
"Dự án Nine South Estates, Đường Nguyễn Hữu Thọ, Xã Phước Kiển, Nhà Bè, Hồ Chí Minh",140 m²,14 tỷ,,,,,Đông - Nam,,27/11/2023,04/12/2023,Tin VIP Bạc,38645644
"Dự án Sài Gòn Metro Park, Phường Trường Thọ, Thủ Đức, Hồ Chí Minh",55 m²,"1,95 tỷ",2 phòng,2 phòng,,Đầy đủ,,Sổ đỏ/ Sổ hồng,27/11/2023,04/12/2023,Tin VIP Bạc,38645633
"Dự án Vinhomes Central Park, Điện Biên Phủ, Phường 22, Quận Bình Thạnh, Hồ Chí Minh",72 m²,"5,65 tỷ",2 phòng,2 phòng,,Đầy đủ,,Sổ đỏ/ Sổ hồng,29/11/2023,06/12/2023,Tin VIP Bạc,38616963
"Dự án Vinhomes Grand Park, Phường Long Thạnh Mỹ, Quận 9, Hồ Chí Minh",96 m²,13 tỷ,,,,Không nội thất,,Hợp đồng mua bán,27/11/2023,04/12/2023,Tin VIP Bạc,38645614
"Đường Thái Văn Lung, Phường Bến Nghé, Quận 1, Hồ Chí Minh",270 m²,390 tỷ,,,,,,,27/11/2023,04/12/2023,Tin VIP Bạc,38645580
"Hẻm 467, Đường Hà Huy Giáp, KP5, Phường Thạnh Xuân, Quận 12, Hồ Chí Minh","62,5 m²",5 tỷ,6 phòng,8 phòng,6 tầng,,,Sổ hồng/ đỏ đầy đủ,27/11/2023,12/12/2023,Tin VIP Bạc,38645565
"Dự án Đại Phúc Green Villas, Đường Phạm Hùng, Xã Bình Hưng, Bình Chánh, Hồ Chí Minh",100 m²,9 tỷ,5 phòng,5 phòng,4 tầng,Nhà hoàn thiện nội thất.,,Hợp đồng mua bán,27/11/2023,07/12/2023,Tin VIP Bạc,38275006
"Carillon 7, 33, Đường Lương Minh Nguyệt, Phường Tân Thới Hòa, Tân Phú, Hồ Chí Minh",71 m²,"3,1 tỷ",2 phòng,2 phòng,,Cơ bản.,Tây,Sổ đỏ/ Sổ hồng.,27/11/2023,04/12/2023,Tin VIP Bạc,38645440
"Dự án Vinhomes Grand Park, Phường Long Thạnh Mỹ, Quận 9, Hồ Chí Minh.",59 m²,"1,95 tỷ",2 phòng,1 phòng,,Full nội thất cao cấp.,,,27/11/2023,04/12/2023,Tin VIP Bạc,31246963
"Dự án Vinhomes Grand Park, Phường Long Thạnh Mỹ, Quận 9, Hồ Chí Minh",47 m²,"1,6 tỷ",1 phòng,1 phòng,,,,,27/11/2023,04/12/2023,Tin VIP Bạc,34759170
"Đường Hưng Nhơn, Xã Tân Kiên, Bình Chánh, Hồ Chí Minh",700 m²,16 tỷ,,,,,,,27/11/2023,04/12/2023,Tin VIP Bạc,37082246
"Dự án Flora Novia, Đường Phạm Văn Đồng, Phường Linh Tây, Thủ Đức, Hồ Chí Minh",80 m²,"3,2 tỷ",3 phòng,2 phòng,,,,,30/11/2023,07/12/2023,Tin VIP Bạc,29056218
"Dự án The Grand Manhattan, Đường Cô Giang, Phường Cô Giang, Quận 1, Hồ Chí Minh",76 m²,"8,3 tỷ",2 phòng,2 phòng,,,,,27/11/2023,04/12/2023,Tin VIP Bạc,37849004
"Đường Trần Hưng Đạo, Phường Cầu Kho, Quận 1, Hồ Chí Minh",84 m²,Thỏa thuận,,,,,,,27/11/2023,04/12/2023,Tin VIP Bạc,38644995
"Dự án KDC Phong Phú 5, Đường Số 5, Xã Phong Phú, Bình Chánh, Hồ Chí Minh","136,5 m²","10,8 tỷ",4 phòng,4 phòng,3 tầng,Đầy đủ,,Sổ đỏ/ Sổ hồng,27/11/2023,12/12/2023,Tin VIP Bạc,38644975
"Đường Sư Vạn Hạnh, Phường 12, Quận 10, Hồ Chí Minh","75,5 m²",16 tỷ,,,,,,,27/11/2023,04/12/2023,Tin VIP Bạc,38530790
"Đường Sư Vạn Hạnh, Phường 12, Quận 10, Hồ Chí Minh",109 m²,22 tỷ,,,,,,Sổ đỏ/ Sổ hồng.,27/11/2023,04/12/2023,Tin VIP Bạc,38270498
"Đường Nguyễn Hữu Trí, Thị trấn Tân Túc, Bình Chánh, Hồ Chí Minh",110 m²,Thỏa thuận,,,,,,Sổ hồng riêng,27/11/2023,04/12/2023,Tin VIP Bạc,38644831
"Đường Lý Phục Man, Phường Bình Thuận, Quận 7, Hồ Chí Minh",100 m²,"16,2 tỷ",6 phòng,8 phòng,5 tầng,,,,27/11/2023,04/12/2023,Tin VIP Bạc,37973637
"Dự án An Phú An Khánh, Phường An Phú, Quận 2, Hồ Chí Minh",100 m²,160 triệu/m²,,,,,Tây - Nam,Sổ đỏ/ Sổ hồng,27/11/2023,04/12/2023,Tin VIP Bạc,38643718
"Dự án CityLand Park Hills, Đường Phan Văn Trị, Phường 10, Gò Vấp, Hồ Chí Minh",100 m²,"23,5 tỷ",5 phòng,5 phòng,5 tầng,Đầy đủ,,,27/11/2023,04/12/2023,Tin VIP Bạc,37217344
"Đường Nguyễn Ảnh Thủ, Phường Hiệp Thành, Quận 12, Hồ Chí Minh",56 m²,"3,28 tỷ",4 phòng,3 phòng,3 tầng,Cơ bản,,Sổ đỏ/ Sổ hồng,27/11/2023,12/12/2023,Tin VIP Bạc,38381153
"Đường Lê Hồng Phong, Phường 2, Quận 5, Hồ Chí Minh",40 m²,"2,3 tỷ",3 phòng,3 phòng,3 tầng,Đầy đủ,,Sổ đỏ/ Sổ hồng,27/11/2023,04/12/2023,Tin VIP Bạc,38644608
"Dự án Hưng Phát Silver Star, Đường Nguyễn Hữu Thọ, Xã Phước Kiển, Nhà Bè, Hồ Chí Minh",75 m²,"2,5 tỷ",2 phòng,2 phòng,,Đầy đủ,,Sổ đỏ/ Sổ hồng.,27/11/2023,04/12/2023,Tin VIP Bạc,38644543
"Đường Quách Điêu, Xã Vĩnh Lộc A, Bình Chánh, Hồ Chí Minh",84 m²,"7,1 tỷ",6 phòng,7 phòng,4 tầng,,,Sổ đỏ/ Sổ hồng,27/11/2023,04/12/2023,Tin VIP Bạc,38644531
